UID,Const,E_1,E_2,E_3,E_4,E_5,E_6,E_7,E_8,E_9,E_10,E_11,E_12,E_13,E_14,E_15,E_16,E_17,E_18,E_19,E_20,E_21,E_22,E_23,E_24,E_25,E_26,E_27,E_28,E_29,E_30,E_31,E_32,E_33,E_34,E_35,E_36
1311395,97,-18.57,9.52,-8.21,8.78,-2.36,-7.05,-17.03,-1.1,-6.89,-2.97,-3.3,9.34,-4.73,-20.79,2.62,0.38,-3.16,2.63,-2.22,2.22,1.9,-23.69,-1.25,0.49,9.26,-7.15,0.24,4.16,1.79,3.55,-17.28,-6.24,-3.01,-10.39,-14.77,-0.43
1311396,49.08,-10.39,-5.93,-6.21,-0.69,-0.85,-0.75,14.78,12.05,-13.98,18.3,17.19,-3.98,-11.17,0.68,-11,-15.82,2.8,-15.32,9.89,2.52,-2.84,2.11,2.28,-16.04,-7.27,-3.69,-12.44,-2.98,-1.55,-20.46,19.62,-1.95,12.16,19.88,6.91,28.41
1311397,15.51,8.22,11.68,16.48,11.85,14.33,1.97,8.11,22.31,2.02,15.7,2.1,6.65,15.61,-1.2,0.43,1.87,25.58,-5.95,9.75,3.33,11.96,2.35,9.26,5.08,-0.82,10.58,25.23,10.03,-2.31,12.6,21.34,22.65,1.42,21.55,12.15,19.84
1311398,102.67,-6.45,-14.31,2.83,-13.21,3.7,5.54,6.6,-9.83,-7.25,8.75,10.04,-5.07,3.48,-5.19,4.61,-7.7,7.84,0.58,-3.19,8.68,-11.98,-9.75,-12.65,-13.88,-3.85,-27.23,-7.13,-11.26,1.61,6.31,-0.44,-13.85,-1.76,-1.73,3.47,-11.69
1311400,74.15,13.68,2.96,6.57,-4.24,11.77,3.56,14.09,20.19,9.28,3.74,13.66,13.64,-3.29,-12.48,-20.91,-1.42,-11.79,-2.19,7.07,2.11,8.42,7.23,-5.03,-3.57,11.95,-4.43,4.39,0.61,-17.85,4.01,-5.12,-13.57,-4.71,-6.06,-7.05,-16.62
1311401,61.34,28.64,4.72,3.46,17.37,3.11,17.24,1.53,-25.74,-0.57,-21.77,-17.68,12.43,-1.45,-5.21,0.3,3.12,19.31,-2.42,11.68,-15.71,-12.66,8.38,-7.89,-8.88,-29.23,8.21,-13.07,6.27,10.53,-12.7,6.91,-3.09,8.14,8.98,15.8,9.53
1311402,50.15,16.56,9.54,16.8,4.39,6.71,0.43,3.3,12.89,8.52,27.47,15.04,11.11,3.37,-6.14,3.59,2.81,2.39,7.43,16.01,14.97,2.33,13.16,16.96,17.47,14.69,9.48,7.2,8.6,10.81,14.9,4.23,3.31,14.88,14.46,17.34,13.64
1311403,141.49,-40.77,13.79,-21,-37.82,-50.74,-17.13,-5.3,3.55,-17.08,-29.07,-4.07,-14.25,-3.58,-71.49,-9.25,-47,-45.01,-17.38,-34.47,-7.27,-28.75,-26.27,2.65,-8.18,-15.71,-38.74,-28.39,-35.84,-32.4,-38.15,6.97,-2.42,2.16,19.86,-2.54,32.26
1311404,150.67,-39.49,-25.46,-30.24,-56.55,-13.54,-52.72,-17.55,-4.96,-28.14,6.16,-8.53,-13.89,-13.99,-10.18,-11.39,-43.91,-19.89,-15.08,-0.96,1.92,-24.47,7.08,-18.92,-32.66,25.56,-14.44,-17.73,-41.01,0.89,-16.86,-31.85,-9.99,-19.74,-10.65,0.45,-24.44
1311405,84.03,21.1,1.99,8.08,29.73,24.42,19.85,-32.15,-8.57,-6.13,-20.23,7.98,-11.71,23.97,-16.09,-9.97,8.21,10.63,9.2,10.88,-14.75,-2.2,-6.06,16.67,-0.68,-38.75,-25.65,6.38,-24.36,2.07,-45.7,-7.63,-3.28,-7.96,-5.32,-11.75,-19.8
1311406,76.38,-7.9,26.81,-8.44,29.9,7.22,29.51,28.51,-1.4,9.59,29.11,-10.89,12.81,-6.73,6.19,9.3,3.95,2.19,-3.25,-14.3,2.19,-10.44,-6.87,-3.23,1.77,-1.66,22.18,-37.1,-2.7,28.09,-1.62,1.24,-19.88,-6.71,-7.83,-12.2,9.4
1311407,38.79,15.27,-22.13,37,11.33,33.54,1.89,22.28,22.86,16.57,2.56,-30.32,-3.09,5.07,-16.67,22.85,-17.75,22.22,16.48,29.46,23.32,30.82,30.29,17.41,18.42,16.64,-2.76,3.28,-4.37,-7.31,4.28,25.13,-2.21,20.47,28,7.85,10.94
1311408,76.85,5.96,-11.2,10.22,2.38,0.07,-2.64,10.06,6.68,9.6,4.12,4.42,0.08,4.71,-1.35,4.99,-9.42,1.17,-5.99,-5.41,-1.42,-2.04,-4.39,-2.52,-4.85,-3.85,-5.63,0.5,6.05,-0.64,0.99,9.94,11.99,3.7,10.19,-2.58,1
1311409,100.01,0,0,0,0,0,0,-0.01,0,0,-0.01,0,0,0,-0.01,-0.01,-0.01,0,-0.01,0,0,0,0,0,0,0,0,0,0,0,0,-0.01,-0.01,0,-0.01,0,-0.01
1311410,40.71,-4.74,18.97,39.63,21.08,29.1,1.27,-4.46,3.89,10.54,10.6,8.34,1.38,6.22,14.52,17.05,-0.08,5.33,4.73,4.71,22.9,15.18,1.94,22.01,2.36,29.78,12.1,3.35,22.28,26.51,13.22,7.51,-7.64,-4.17,-8.44,-2.6,-3.33
1311411,91.8,-3.24,-14.88,2.16,-11.61,-9.81,-14.37,-17.09,12.07,3.42,-5.72,-5.48,-10.48,-6.66,-8.06,-13.81,-0.21,-19.78,-18.65,10.55,17.96,20.12,6.15,10.02,-6.29,8.84,11.08,-7.86,14.5,12.64,12.51,-1.78,3.38,-19.8,-14.93,-1.23,5.16
1311412,12.59,12.22,7.54,31.69,10.12,25.69,41.43,5.7,5.45,7.08,8.77,19.17,-3.6,-3.06,18.45,21.46,20.19,16.05,10.48,28.67,34.57,14.57,25.56,15.38,14.03,0.96,13.77,7,3.2,41.5,20.75,5.17,-19.77,17.31,-4.46,6.04,-17.44
1311413,79.13,16.83,-1.17,-13.07,-16.95,8.9,5.94,5.91,-44.14,-13.96,10.38,4.96,-4,-4.51,-6.55,6.48,-6.27,-0.24,-7.88,-11.62,-21.26,7.92,13.36,5.41,-13.28,0.37,7.64,19.8,-35.24,-5.97,2.49,15.72,-2.98,-12.71,21.44,11.01,-5.77
1311414,27.02,0.67,-3.42,1.65,-2,-6.9,-0.66,-0.11,-2.74,-1.85,-2.75,-1.06,0.94,5.46,0.4,4.5,0.28,0.06,2.46,0.73,-2.59,0.14,-0.87,-3.36,-0.89,2.92,-2.82,0.06,-2.31,-1.83,0.06,-3.5,-1.05,0.55,-0.33,-0.69,-3.26
1311415,-0.48,-24.39,5.54,-24.26,12.7,3.24,15.8,-3.91,21.23,2.36,-8.67,-28.88,-2.56,33.99,-37.64,-11.71,49.47,4.14,0.07,7.19,-5.49,-11.42,10.38,43.67,30.74,23.2,23.73,55.04,-25.44,20.35,-23.72,7.92,28.12,-0.39,35.56,52.54,49.78
1311416,37.3,14.94,11.97,5.72,15.14,-8.13,11.24,8.87,-3.93,3.49,6.73,-0.59,11.51,2.01,4.15,2.28,1.15,4.53,11.62,-5.19,-2.87,-1.12,-9.36,2.81,-0.52,5.59,7.06,4.82,10.47,11.08,3.53,-5.99,-2.76,-11.24,3.25,-6.07,0.15
1311417,59.95,13.32,8.01,21.58,-6.09,-4.85,1.33,19.33,10.86,1.4,9.54,14.72,-4.08,15.87,0.74,6.64,-1.82,0.66,7.07,1.58,5.03,-7.48,-2.17,6.2,-6.34,12.39,4.06,-1.61,11.29,12.21,3.26,-2,7.3,27.56,6.64,12.79,5.53
1311418,52.06,0.04,-0.38,-43.2,21.39,21.33,-10.31,-13.36,-14.64,6.46,-26.01,-7.2,24.12,-18.89,21.96,-14.02,-2.15,4.4,13.31,13.36,9.79,27.13,-0.06,2.36,25.11,-21.8,2.63,2.4,-9.76,-20.63,-11.64,10.95,7.04,-17.24,0.34,-14.81,2.61
1311419,67.61,-0.99,-20.83,-24.37,3.25,8.02,-20.09,-0.01,7.74,3.74,-2.28,4.69,-3.64,11.76,2.37,0.57,3.81,10.28,3.95,-6.33,2.3,-2.34,1.4,3.67,6.09,3.2,0.94,-0.04,0.12,2.61,-6.63,-6.12,3.32,1.83,3.23,-3.64,-2.95
1311420,-93.14,14.61,76.96,-17.45,35.03,-11.66,22.17,81.62,41.09,26.51,113.77,33.79,21.93,85.3,66.51,27.12,79.69,22.1,39.83,36.47,19.38,63.49,8.78,30.19,-17.6,21.11,35.08,10.59,62.9,56.41,23.6,72.26,31.21,18.01,6.19,71.75,49.91
1311421,69.78,8.63,7.96,-4.87,-18.66,-32.52,-30.18,20.01,22.05,11.71,22.74,-2.08,6.48,16.52,-11.13,-13.15,-10.51,-9.65,7.82,18.39,1.95,-27.24,19.89,-1.29,7.02,-13.8,-12.74,-9.68,-4.23,-6.73,-16.44,20.9,-3.06,-6.23,-17.5,-7.5,0.72
1311422,37.91,-21.46,-2.54,3.9,-1.91,-5.77,-6.35,-4.88,3.54,-4.26,6.8,-3.41,-6.57,4.59,-7.24,-2.3,0.78,-5.59,-0.6,-12.48,-5.63,-9.98,1.07,-8.48,1.36,-3.09,-9.46,0.15,-2.88,-12.15,-7.62,-3.99,-12.54,-3.65,-3.32,-10.79,-9.06
1311423,-0.01,0.01,0.02,0.01,0.01,0.01,0.01,0.01,0,0.01,0,0.01,0.01,0,0,0,0,0,0,0.01,0.01,0.01,0,0.01,0,0,0,0,0.01,0,0,0,0,0,0.01,0,0
1311424,83.48,13.48,-40.87,6.93,7.04,6.5,-47.92,3.19,0.61,11.81,1.52,9.15,-2.59,9.33,3.62,-1.98,-3.34,-15.41,-2.71,-3.48,-21.82,-4.29,1.08,-5.3,6.87,3.86,4.81,11.55,-10.94,6.8,-0.57,13.33,-14.79,17.07,-7.46,11.83,5.72
1311425,66.98,11.59,51.87,-46.24,-47.84,-23.78,-30.11,-28.11,-27.29,-53.84,-34.16,-18.56,-37.88,2.06,1.64,-20.32,-8.18,-3.36,8.05,7.74,-35.9,-26.12,3.57,-19.81,18.65,-6.9,-6.59,-12.25,-16.79,-4.98,-9.54,-26.99,-12.55,-8.46,-0.47,-1.17,20.3
1311426,18.36,-13.05,13.46,7.18,32.84,15.86,-1.05,27.07,41.66,35.41,18.79,19.64,11.75,-0.2,-0.2,-11.77,13.54,26.53,6.48,12.41,13.8,25.54,-1.96,14.01,-4.69,21.87,16.96,16.53,-4.79,-16.82,29.71,-11.51,-5.17,18.87,-14.18,3.09,-26.19
1311427,69.21,-16.57,25.67,14.41,-19.52,15.72,-4.23,-8.55,5.17,-20.68,-6.25,-11.73,-0.41,7.76,5.11,13,1.12,-0.52,-15.43,-1.11,-18.01,13.46,7.48,11.72,13.1,-5.71,8.41,4.12,11.49,6.06,-9.18,10.78,19.56,35.83,4.46,11.9,13.81
1311428,48.11,-1.7,6.04,9.95,2.33,-3.41,-8.21,-2.71,-12.26,-2.84,-9.86,-7.89,-5.53,0.6,-13.63,-1.87,0.3,-4.12,4.7,-1.19,-3.79,-6.32,2.39,-9.33,6.86,-4.92,-1.87,-5.65,-7.72,-5.66,-0.94,2.52,-0.69,3.22,-2.56,-3.51,-2.77
1311429,178.75,13.34,7.19,-80.45,-26.28,13,22.6,-46,10.27,-13.04,-82.17,-67.98,-58.56,-55.26,-47.02,-47.34,-69.9,-70.71,-67.22,-7.76,-41.44,-69.12,8.2,-30.92,-39.3,-11.77,-86.78,0.87,-22.87,-37.79,-18,-11.33,-44.53,-41.89,-74.77,-29.98,-26.29
1311430,31.93,34.21,-1.48,-46.19,13.45,17.61,-17.42,-4.38,-3.55,9.06,2.21,-11.01,-9.1,18.9,19.7,-6.63,-9.39,12.28,-3.2,-8.73,9.65,-0.99,-1.67,-19.43,9.57,10.68,6.33,-8.69,3.11,-13.09,-12.12,3.33,26.53,-1.55,35.12,15.73,27.31
1311431,50.32,9.25,-10.48,-12.27,12.28,17.97,-7.23,-40.1,-0.23,-11.43,-6.45,4.56,-7.29,19.55,29.88,-7.88,-1.26,6.07,2.37,5.02,13.84,3.9,-7.14,-20.02,-1.41,-7.48,-16.8,-9.23,-10.36,5.98,-16.29,13.48,-10.03,-19.13,-18.27,-2.07,7.89
1311432,80.91,18.79,8.92,7.82,17.79,14.14,9.06,8.06,-3.74,-13.73,-6.35,10.72,-0.16,1.57,-13.75,-3.6,0.74,-5.53,-7.72,-0.52,-11.9,2.27,-1.17,-3.67,-4.94,-4.73,2.26,3.08,-2.88,3.72,5.3,-14.14,-16.29,-5.71,6.69,-1.96,1.26
1311433,47.97,-1.13,-0.89,-2.07,2.01,-1.15,0.04,-6.81,-7.11,-5.01,-9.74,-3.05,-7.13,-6.15,-3.81,-2.75,-7.35,-1.66,-0.2,-3.7,-4.17,-3.12,-3.4,-9.32,-1.58,4.26,-0.68,0.08,-6.49,1.98,0.16,-5.25,-3.78,-3.14,-5.87,0.31,-2.4
1311434,73.1,10.23,4.95,1.57,13.4,14.48,7.45,1.24,11.21,-9.81,13.97,5.08,7.18,11.04,-0.86,14.34,12.32,-10.63,-3.19,7.3,6,11.05,16.25,11.42,2.75,-19.15,-7.6,2.99,23.54,2.19,2.09,1.01,6.72,1.38,-2.12,4.55,8.76
1311435,36.56,55.8,10.99,11.57,17.2,17.3,19.14,-15.69,-31.38,12.06,-13.02,55.31,-28.04,60.37,-13.24,48.88,35.15,-5.45,5.57,-10.48,-9.35,5.6,-15.16,27.11,22.57,47.05,30.29,-28.17,1.04,-23.34,-0.02,48.68,8.98,16.88,18.87,-20.53,-5.89
1311436,46.5,8.63,-8.41,3.74,-2.86,-24.96,-10.55,-26.28,-5.56,18,-6.03,5.86,-25.2,9.92,19.6,11,-28.53,-21.81,16.91,52.69,50.37,30.21,24.81,34.62,15.24,-22.32,-35.34,6.88,14.26,2.28,7.02,-4.49,-38.19,8.51,-14.44,19.29,14.82
1311437,111.08,-10.16,-8.44,-15.74,-19.8,15.89,-21.25,-39.72,8.26,-2.72,-10.25,-1.09,-5.7,-8.65,-35.39,-25.59,-20.3,1.88,-9.54,-7.76,-38.18,-32.21,13.77,-34.56,-23.22,-25.5,-6.76,-13.18,-24.43,-9.2,-39.21,-6.68,-49.39,-26.6,-41.56,-27.27,-40.71
1311438,100.01,0.01,0,0.01,0.01,0.01,0,-0.01,0,-0.01,0,0,0,0,0,0,0,0,0,-0.01,-0.01,0,-0.01,-0.01,-0.01,0,0,0,-0.01,0,-0.01,0,0,0,0,0,0.01
1311439,12.37,16.17,12.83,-19.15,15.76,14.76,-17.06,3.93,-1.58,1.41,-6.73,9.76,7.61,-4.91,-4.24,7.03,-18.56,-7.99,-10.81,2.95,14.72,1.53,9.66,4.14,0.37,8.68,-3.47,3.03,1.95,18.33,-10.09,6.48,0.33,12.93,4.57,9.81,-1.63
1311440,120.43,-60.2,32.39,19.37,-67.14,-60.57,-78.21,-6.32,-22.76,-25.68,-10.23,-20.87,-26.51,-22.37,-10.01,-16.48,17.87,-45.96,-41.95,2.41,8.33,-4.01,-48.61,-14.29,2.88,-9.47,7.97,13.71,28.6,-17.15,-43.32,-5.54,12.52,-52.87,23.05,1.06,-41.12
1311441,-4.83,21.21,-11.51,15.82,20.46,18.54,-5.08,17.08,-6.48,10.89,4.36,2.18,0.06,1.04,1,3.76,4.19,-6.45,8.28,9.14,9.71,0.34,12.9,14.22,11.73,8.45,7.27,24.4,27.13,26.68,6.19,-1.7,-2.37,14.45,5.1,23.44,10.63
1311442,88.49,5.43,0.96,2.11,9.72,3.48,3.71,1.71,2.56,1.86,-2.55,3.66,-10.26,-6.51,-0.35,-8.71,-1.27,0.54,-6.74,13.61,5.12,7.18,6.2,12.27,5.81,-2.37,3.35,1.82,-2.89,3.61,-1.5,-6.33,8.68,6.32,0.87,6.24,7.01
1311443,-14.48,61.57,18.02,19.57,19.6,-12.3,24.53,-4.21,45.69,10.23,25.56,-8.95,48.96,23.45,27.48,17.44,24.11,10.57,25.08,40.35,33.45,15.56,23.42,44.56,31.05,38.15,-4.46,4.58,-3.72,5.87,38.41,11.35,45.64,13.99,8.18,9.34,13.94
1311444,-15.65,8.06,31.4,-11.45,4.95,-1.67,24.64,1.46,10.26,-1.19,14.72,9.43,5.65,-4.6,0.47,-12.54,26.99,15.08,16.1,-2.26,-2.8,-9.09,-0.25,4.07,6.71,2.63,4.9,34.87,15.95,13.08,10.13,18.99,-9.56,15.3,0.8,13.95,0.35
1311445,-25.78,33.03,46.74,4.12,16.93,20.06,3.79,27.1,14.62,17.03,0.83,27.22,37.44,18.77,-8.64,28.01,46.72,16.19,17.78,28.92,13.47,30.83,31.54,44.31,17.55,1.94,15.05,24.89,19.79,18.24,27.75,56.05,29.73,36.96,1.25,42.53,53.18
1311446,53.29,20.47,-1.63,13.98,18.03,34.63,-3.58,2.81,15.76,5.06,1.93,5.69,15.91,-7.13,-2.34,-10.34,4.65,-2.16,-2.99,11.77,17.45,19.95,15.91,12.74,10.36,-1.04,8.57,24.77,-6.54,3.11,-1.37,7.21,2.96,-9.17,6.28,-7.65,9.24
1311447,44.93,4.05,18.22,10.98,-2.32,-23.29,1.4,-3.13,8.06,18.36,-5.57,-9.27,1.18,5.9,13.45,-6.41,-4.72,20.78,5.88,-0.6,1.2,10.89,8.21,-8.39,11.3,-1.53,-9.79,12.08,0.44,5.78,16.8,10.11,23.37,-2.93,-1.66,15.01,3.93
1311448,13,0,0.01,0.01,0.01,0,0,0,0,0,0.01,0,0,0.01,0.01,0,0,0,0,0.01,0,0,0.01,0.01,0,0,0,0,0,0,0,0,0,0.01,0.01,0,0
1311449,107.27,0.26,-6.33,-13.29,-4.43,-9.18,-10.85,3.93,-8.68,2.87,-3.03,-5.37,5.9,-1.1,-4.66,-7.53,-4.7,-5.51,0.29,-3.53,-1.4,1.08,-6.36,-7.8,-12.45,0.93,-4.06,-5.32,-9.04,-4.65,2.31,-2.18,-0.53,-11.03,-17.79,-8.94,-5.61
1311450,35.64,-9.3,2.8,-14.15,2.74,4.22,-22.25,20.12,19.42,6.45,23.61,18.08,29.85,-1.56,5.5,-3.08,11.77,5.12,22.52,21.02,24.28,3.87,18.47,7.21,9.02,-5.03,-10.34,10.67,-3.04,-0.91,20.07,5.69,21.67,10.09,-0.09,1.44,14.95
1311451,45.28,17.64,22.46,9.11,0.76,15.12,13.83,10.38,8.96,8.25,8.18,-3.35,13.55,10.67,9.8,3.97,5.27,25.84,-6.77,18,11.35,5,13.02,9.12,23.77,19.29,10.38,0.17,12.05,12.76,9.06,-10.46,13.8,21.18,4.04,18.92,1.04
1311452,7.81,12.94,13.88,-21.7,16.84,19.28,-12.12,10.07,49.67,41.56,25.51,61.08,49.79,4.54,36.31,37.6,4.01,40.89,44.46,9.46,14.51,-16.55,28.32,-6.16,-21.87,17.11,25.12,22.73,2.48,-7.27,6.73,20.72,18.8,10.53,-6.77,45.49,-3.29
1311453,77.48,5.58,-1.96,9.13,1.65,3.01,2.11,1.71,10.5,4.63,-0.17,-8.77,-0.62,6.93,8.36,16.22,15.07,4.11,15.34,-3.6,0.74,-7.83,-5.52,-3.05,5.82,-1.5,2.22,8.29,2.14,-6.15,-1.06,17.96,16.44,10.75,4.59,1.81,5.99
1311454,59.07,-20.68,20.62,24.43,27.04,-32.43,-18.51,-14.19,-26.4,31.41,-7.56,-22.96,-8.94,-6.12,-36.15,-45.81,1.42,-16.77,16.17,-29.63,-16.28,-3.96,-13.56,-25.72,-4.05,16.71,-7.22,-6.16,13.83,-14.67,-4.47,-6.28,-7.52,14.46,23.39,-10.61,-8.28
1311455,99.97,7.2,8.79,-20.42,11.68,0.55,-75.51,-10.58,-9.71,-18.38,-24.24,-42.46,-15.57,12.14,-14.51,-2.98,15.12,-4.71,-14.68,-12.33,-7.68,3.96,-26.95,-5.72,-0.57,20.49,19.62,16.02,-26.67,6.03,-3.08,-16.65,-16.96,-33.76,-2.95,31.32,-14.7
1311456,90.58,-26.89,-33.28,24.64,-59.11,-47.77,-26.66,2.83,-39.99,-25.83,21.13,-14.3,-30.86,-22.53,-56.17,-34.8,-45.64,-13,-17.17,-17.39,20.9,-30.44,-13.26,1.58,-7.31,-4.43,17.22,12.57,0.97,-2.64,7.87,22.29,5.27,2.27,2.61,11,-14.38
1311457,67.11,-12.28,30.44,30.88,-24.51,-32.08,9.78,-27.91,-11.13,-34.77,-12.93,-12.15,-28.02,-6.37,-13.78,-12.84,-27.83,-29.14,-16.07,7.06,14.36,13.57,5.48,10.64,-14,24,-2.28,0.2,-1.61,7.17,-1.68,-3.85,6.98,-10.97,-22.01,9.68,-9.45
1311460,41.53,1.7,-7.1,-0.84,-12.24,-5.13,8.77,12.3,4.85,13.77,-1.39,7.01,12.57,0.28,-0.14,-3.64,-0.9,1.17,2.58,6.65,13.55,7.14,-3.61,7.94,9.83,-0.31,-16.86,6.22,-7.42,-10.16,-1.19,-4.31,-1.67,3.9,6.47,3.36,2.45
1311461,47.5,-0.47,11.99,4.51,2.46,1.39,-24.4,20.08,23.82,29.97,36.06,8.7,18.47,6.38,-3.18,11.64,-17.1,3.02,5.11,3.31,4.8,7.64,4.66,20.31,12.08,5.65,-3.39,-2.25,-9.75,6.69,3.48,7.64,14.2,-4.4,6.99,17.18,6.61
1311462,50.67,-27.61,-7.38,2.21,-11.68,-6.41,-11.74,10.12,8.07,7.86,-7.17,-6.29,14.38,-10.37,-30.33,-47.19,-11.98,-10.17,-3.75,10.01,15.51,4.03,11.51,10.28,6.5,1.44,13.79,0.39,-1.73,-5.38,-4.22,-1.76,-1.98,3.08,2,-8.78,-28.23
1311463,61.49,8.65,13.64,-15.22,4.58,10.96,26.26,-2.85,-6.44,-0.85,4.49,-14.29,2.16,11.69,-6.92,-1.01,-21.14,-6.42,-11.37,2.6,1.02,-0.12,7.4,1.18,5.7,2.42,-12.57,13.51,10.91,-14.95,10.93,16.14,-6.89,16.93,2.32,5.44,12.08
1311464,83.68,-1.95,3.67,-25.82,-21.81,-21.11,-47.44,23.96,13.47,2.45,13.66,-3.16,2.91,-7.36,-9.85,25.83,-7.39,-1.77,8.73,7.92,15.26,4.91,4.38,10.33,0.21,-7.6,-0.37,13.36,12.08,-14.09,17.36,-8.15,-9.01,-28.08,-23.57,-4.35,-13.44
1311465,4.99,22.62,0.82,-21.09,30.31,-8.33,-44.71,27.17,12.66,14.21,34.05,21.33,22.24,26.45,24.36,3.77,41.94,29.07,8.5,48.15,9.25,-0.92,19.64,6.91,16.21,14.52,-25.12,1.18,-6.92,6.07,11.01,23.67,34.21,36.14,32.31,38.78,14.7
1311466,87.69,-17.92,-7.44,-15.61,-19.85,-6.97,-14.22,-8.59,-8.89,-29,-17.77,-3.2,-16.44,-6.98,-2.87,-18.88,-20.35,-13.59,-3.19,3.03,-4.72,-13.66,4.82,-1.07,-9.6,8.13,3.82,4.19,-6.4,-1.89,-4,-4.9,1.63,-7.53,-13.47,-7.74,-10.49
1311467,32.81,-0.35,-3.41,-2.33,-1.94,-4.34,-3.55,1.74,-1.45,5.18,5.67,6.52,6.04,0.64,0.78,-0.13,3.09,-4.85,-1.85,0.02,0.54,7.89,3.19,5,6.74,1.62,-2.53,3.22,-4.32,1.06,-1.75,-0.76,4.39,0.92,5.35,-4.39,1.45
1311468,80.13,11.73,10.42,46.98,11.51,-11.17,-26.32,6.09,2.12,1.82,-14,-4.37,3.31,-21.81,-28.53,-10.56,-43.69,-11.67,-32.57,11.38,-5.7,4.63,-20.45,-19.36,18.44,-16.36,-22.06,-23.95,-43.05,-29.38,-27.27,33.53,1.09,-17.03,-36.95,-1.43,7.23
1311469,65.72,24.23,-42.59,33.48,-54.32,-57.6,-12.85,-8.09,-7.93,-14.93,-4.29,-12.43,-18.05,11.09,0.65,-4.94,-2.79,-1.99,-9.37,-3.64,-3.12,-4.69,-4.07,-7.18,-11.72,-6.7,1.98,-7.76,3.3,2.3,-6.84,4.43,-6.75,0.32,1.81,-1.09,1.24
1311470,104.01,12.19,0.39,23.18,53.83,6.23,-23.02,-57.15,3.6,-27.82,13.48,-7.3,-36.85,14.3,-7.77,-20.13,-5.76,-2.37,-33.79,-18.7,-16.68,-28.52,-17.21,-38.55,-43.46,-12.37,-11.4,-1.99,-23.08,18.53,-18.59,-6.44,24.5,19.06,3.39,-7.48,-7.52
1311471,82.73,-38.24,1.24,21.2,14.62,3.56,-9.05,-2.59,-6.15,-1.37,-0.23,3.33,-5.62,-13.03,-18.48,3.9,2.89,1.53,10.2,-5.76,-4.26,-9.29,-9.98,2.62,-12.04,-21.8,-0.55,-10.11,-7.91,-6.21,-15.68,1.56,-0.49,2.22,15.58,-6.02,-6.72
1311472,63.27,-33.71,-12.24,-9.28,-24.85,-42.5,-21.21,12.21,27.77,-7.97,-9.28,-15.5,-19.15,-16.41,-27.15,-23.34,-18.88,10.03,-18.04,-1.83,-14.26,-3.53,20.63,-13.29,-9.83,-4.15,11.37,18.24,18.14,-2.49,4.94,-2.75,-22.17,-14.58,13.52,-7.42,0.42
1311473,63.3,-1.61,15.61,-4.87,0.9,6.35,2.05,4.23,11.15,1.48,3.78,5.32,5.48,-7.3,3.69,3.46,-1.2,-0.96,0.41,1.01,2.04,2.99,1.7,-2.57,0.71,8.54,7.09,-5.9,-2.82,6.5,4.35,2.66,-3.07,0.18,5.77,5.15,-3.49
1311474,78.52,15.14,5.88,-5.54,0.05,-3.69,-2.45,3.32,5.2,-8.32,-6.08,1.9,-0.16,-7.04,-3.66,1.64,-4.04,-4.66,0.55,10.57,6.27,12.86,-7.6,5.7,3.25,5.5,9.65,8.41,0.43,6.17,9.6,-3.5,3.88,-1.88,3.51,3.9,-5.27
1311475,56.74,-1.11,-0.65,-14.1,5.75,-15.76,-18.43,0.66,-11.11,-16.79,-4.55,-15.45,3.31,-38.51,-6.38,-12.77,-10.05,-0.69,0.71,-10.01,-9.85,-0.56,-15.55,-19.07,-10.91,-0.25,-21.51,-14.66,-15.39,-15.15,-2.47,-3.96,-28.19,0.33,-27.65,-23.28,-26.59
1311476,43.67,-6.34,-17.25,-12.04,-20.64,-1.92,-11.47,-28.58,-24.49,-17.71,-15.78,-19.29,-33.82,13.74,-11.79,12.85,10.34,-9.95,26.93,-38.16,-16.93,-13.46,3.79,-15.34,-3.55,29.11,3.89,12.58,13.94,9.76,14.18,-18.18,2.37,10.76,-3.35,-8.92,-10.81
1311477,109.56,-10.29,3.84,-32.88,-32.93,-30,-4.7,-4.32,-21.49,-45.84,3.35,-16.18,-6.53,-2.3,-7.35,-3.64,-9.16,0.87,0.27,1.96,1.38,-32.04,-43.39,26.13,-36.19,-10.37,-10.59,-19.31,-32.78,3.45,-15.82,-73.84,-25.26,-72.66,-55.33,-16.38,-21.44
1311478,37.2,-46.92,-2.36,-4.28,2.84,-15.83,-29.97,20.77,6.51,29.68,3.2,-5.16,-10.39,9.16,16.48,5.3,13.95,-1.85,-2.62,9.16,18.78,15.26,5.25,6.32,19.46,1.25,12.4,-0.16,8.19,20.01,-21.91,11.81,13.82,7.58,17.61,22.86,-3.9
1311479,73.54,13.01,-40.22,32.27,5.63,37.17,-56.47,-16.05,-17.26,-21.8,-8.92,-3.98,-7.31,-6.07,-0.01,-2.06,2.04,-13.09,-2.49,-5.69,0.04,3.19,7.69,0.08,-12.77,-1.23,9.68,-0.53,-0.84,-7.43,0.14,-19.48,-10.82,-17.04,-8.68,1.73,-3.31
1311480,16.98,21.69,21.66,34.16,11.93,23.6,27.84,2.62,3.98,-3.79,8.24,25.62,-4.28,11.11,14.4,13.57,0.62,14.81,12.85,25.94,12.78,17.27,5.33,8.8,15.78,0.97,15.31,1.48,4.18,-1.49,21.86,11.64,7.84,-4.57,21.42,18.23,12.64
1311481,4.64,-5.67,29.84,26.73,3.57,8.37,6.88,-8.18,-4.41,8.79,9.4,11.87,6.42,2.27,-0.38,7.05,2.52,14.24,2.22,16.84,-0.59,20.17,3.17,21.23,12.79,4.24,8.24,2.68,8.33,3.19,6.23,2.99,19.62,19.22,10.04,-4.08,-0.29
1311482,35.2,-8.74,54.09,47.21,-35.65,-52.82,-41.96,25.13,1.77,15.75,5.18,-12.33,14.95,4.07,-12.57,9.97,5.6,-8.08,4.18,5.41,-38.16,24.2,1.08,13.75,-12.54,3.69,-15.96,-5.28,-7.62,-19.22,-18.79,11.2,25.99,1.92,10.11,20.01,-13.61
1311483,20.84,29.21,-12.92,-11.2,-10.47,-12.31,-8.17,-2.83,-8.98,-10.44,-3.55,-6.5,0.99,-1.74,-10.88,0.92,2.4,3.55,-7.45,6.59,-1.88,-1.21,-4.01,-7.55,-0.68,-2.24,1.41,3.5,3.3,-1.14,-8.61,-7.49,-13.03,-4.33,-11.86,-10.06,-10.77
1311484,100,0.01,0,0,0,0.01,0,-0.01,0,0,0,0,0,0,0,0,-0.01,0,0,0,-0.01,0,0,0,0,0.01,0,0,0,0,0,0,0,0,0,0,0
1311486,73.88,-11.94,-13.01,-33.93,-43.53,-43.97,-41.08,26.01,14.4,39.87,-1.71,15.39,-1.83,6.48,12.93,1.12,29,18.03,26.2,6.37,4.83,-17.93,9.02,-21.56,-22.5,-12.91,-1.95,-19.41,-29.05,-18.92,0.13,17.62,7.44,38.09,2.76,18.89,-5.52
1311487,57.77,1.13,-3.85,-3.35,-2.46,1.14,-3.27,7.31,4.23,13.38,-4.91,6.95,9.76,1.1,8.73,4.16,-5,-3.42,-2.82,-6.45,5.37,12.09,6.21,9.47,7.91,10.76,11.66,13.31,5.72,2.58,3.99,8.16,1.1,-4.7,8.51,9.4,-2.99
1311488,48.56,21.42,15.73,7.2,5.94,13.61,-19.66,8.54,-4.47,19.25,13.81,-10.73,4.22,18.25,17.23,28.46,11.97,15.12,31.95,3.77,-11.47,-0.39,14,-8.06,-8.1,8.62,11.3,23.02,4.04,12.19,13.91,14.11,-10.89,-3.22,-2.34,-2.78,-9.2
1311490,64.93,11.99,10.46,-6.35,20.49,20.93,-7.78,-2.78,14.79,11.05,12.37,0.46,2.28,0.17,-11.8,5.78,-8.59,-7.59,-13.43,5.31,13.69,4.49,8.05,-1.61,1.68,6.39,1.27,2.25,18.43,-6.22,-11.12,-5.71,8.41,8.63,0.92,-5.84,-7.91
1311491,38.14,-8.57,-31.61,1.1,8.31,-11.16,-1.87,15.49,-15.97,2.61,4.16,-1.87,-16.33,-3.76,-7.44,2.06,28.74,-3.18,-16.63,9.49,8.82,18.88,27.83,44.98,27.3,0.39,36.39,43.9,8.17,20.84,22.06,11.44,36.4,-10.17,16.51,10.25,-11.8
1311492,49.13,0.11,-17.11,18.2,64.64,21.97,-27.5,-11.85,4.58,-2.84,-8.18,-25.06,-26.06,10.45,-7.56,-9.64,10.6,0.79,-2.11,7.69,0.72,5.51,15.38,-8.17,4.79,-23.55,-22.69,0.04,-17.36,-29.08,-3.54,-15.84,5.74,3.27,-2.99,7.84,-20.59
1311493,48.42,14.99,13,67.29,-7.09,16.44,-23.13,17.07,47.12,22.95,-11.13,-23.63,18.28,15.61,38.36,-52.48,53.09,-6.61,-6.02,7.22,-20.87,-7.58,-18.54,-26.86,-8.6,-16.23,-28.67,-25.64,-54.35,-49.81,-12.14,4.75,-31.46,11.5,-36.22,-35.22,31.02
1311494,78.34,-64.78,-4.27,-2.07,-46.84,-61.44,-52.13,-7.36,-19.99,-17.42,-2.59,-11.06,-22.44,-9.7,-35.45,-20.95,-0.19,-9.17,-36.14,32.25,24.95,-3.92,8.88,18.89,-12.24,4.23,10.03,-1.2,17.81,15.78,-6.54,-11.88,19.37,-4.22,16.21,5.13,-0.31
1311495,148.56,-34.46,-47.12,-35.12,-13.34,5.65,-65.27,-5.57,-33.78,-29.28,-33.81,3.26,-12.11,-41.51,-26.73,-18.81,-28.69,-10.28,-44.22,-14.62,-18.02,1.56,-35.28,-28.38,-34.38,6.96,-28.7,-25.2,11.59,-17.34,-10.46,-15.19,9.75,-27.69,-5.49,-43.08,-16.92
1311496,-10.77,-21.99,-42.13,65.12,6.57,0.6,-12,57.67,36.86,48.95,27.01,39.84,19.77,5.45,19.08,7.78,53.13,46.15,13.18,10.1,36.5,13.22,46.68,38.24,-16.16,-31.62,-8.85,-9.01,7.93,17.47,20.92,15.04,4.28,-43.26,5.25,25.08,19.04
1311497,9.07,20.87,-14.93,-15.89,3.81,-3.77,-14.89,-7.4,0.26,4.5,-8.21,5.59,10.55,7.43,11.85,0.03,3.51,6.08,7.52,-5.36,-4.31,7.95,-10.14,5.59,2.24,-1.51,-1.53,-5,3.96,-6.48,-1.61,2.48,8.16,-6.57,3.49,5.77,7.72
1311499,63.09,0.92,-2.1,5.42,-4.96,-3.77,-5.1,4.65,-0.25,-11.24,3.08,1.59,2.2,-1.53,-2.46,2.51,27.77,-1.92,-1.86,3.24,-4.02,5.01,6.87,-11.01,1.41,8.52,13.42,1.95,2.44,10.34,1.07,-3.41,-2.13,-2.66,-17.13,3.69,-0.13
1311500,100.01,0,-0.01,0,0,0,-0.01,0.01,0,0.01,0.01,0.01,0,0,0,0,0,0,0,0,0,0,0,0,0,-0.01,-0.01,0,0,-0.01,0,0,0,0,-0.01,0,-0.01
1311501,110.93,1.14,-10.03,-7.34,-10.15,-9.05,-7.9,-6.38,-2.59,-1.08,-12.09,-1.27,-12.8,-4.88,-6.15,-14.12,-0.02,-9.79,-11.95,-2.9,-4.44,5.23,-3.53,0.83,-10.11,4.35,-4.67,-0.63,-9.37,-15.03,-11.39,5.68,-5.33,-11.55,-4.53,-0.73,-1.27
1311502,63.39,-19.98,18.69,17.72,23.8,13.6,1.2,-8.16,-0.79,14.61,9.2,2.96,-16.79,5.02,-4.89,6.8,-26.16,2.06,-3.63,-13.75,-5.34,-10.81,-2.54,-8.48,-7.24,-11.67,-14.88,3.38,16.1,6.13,4.22,22.07,18.59,16.57,9.5,13.48,15.95
1311503,16.58,-49.93,-40.07,14.75,19.78,14.79,-8.72,17.37,26.85,9.83,16.88,34.47,-3.39,-3.72,5.98,6.57,22.15,16.9,13.32,3.03,11.53,9.13,19.51,6.86,15.83,13.03,24.76,22.53,2.3,7.79,14.44,4.81,19.8,20.47,10.33,-9.49,3.22
1311504,8.69,-8.57,2.05,-0.23,5.15,3.08,1.21,-0.97,-0.96,-2.7,2.49,0.61,-2.72,-0.37,4.23,3.3,-0.74,4.17,3.4,0.37,1.25,-6.25,0.32,1.82,-3.28,4.33,-0.12,-0.02,3.17,5.7,-1.43,0.16,0,2.7,2.08,-0.92,-1.72
1311505,24.24,-30.08,-14.15,-5.4,-9.87,-2.38,-27.4,8.14,9.04,3.82,18.16,-9.96,-4.48,2.92,1.38,17.68,-7.85,-15.93,26.93,15.81,18.1,16.83,24.08,-8.43,0.1,21.24,21.63,22.16,-3.28,40.31,16.71,-0.2,15.77,16.36,3.7,6.07,-20.96
1311506,93.24,5.16,10.04,4.29,-2.95,13.12,2.47,8.65,-1.42,9.78,-4.73,4.31,-11.71,-2.48,3.32,-5.08,-1.73,-0.08,-3.38,-5.19,-7.36,-6.86,-11.33,-6.61,-5.62,-9.59,-9.28,10.53,-4.23,-3.58,4.08,-8.71,13.03,4.43,-7.39,11.1,2.55
1311507,51.71,-11.47,13.78,-12.74,-2.43,7.02,-3.82,12.39,-1.66,8.46,-15.18,-3.44,37.78,34.36,5.9,21.13,1.78,16.54,3.72,17.74,1.7,-4.93,9.93,27.68,-15.28,-12.21,-15.11,-18.64,-5.99,-14.5,-2.57,24.41,3.78,17.21,9.5,-6.02,2.24
1311508,24.91,-0.09,2.94,28.61,-26.72,-52.97,22.77,19.3,0.96,19.76,-20,18.2,55.41,41.58,-5.29,23.22,37.51,17.57,36.62,53.14,-10.89,18.4,30.59,53.26,2.56,-36.79,-32.06,-44.35,-37.43,-16.31,1.25,33.42,-48.47,12.14,-35.26,-4.91,-31.37
1311509,107.8,-23.3,-2.65,-5.4,-11.31,-16.7,-15.47,-6.52,-9.03,-14.02,-15.53,-9.84,-14.8,-35.66,-27.95,-9.28,-30.42,-8.81,-17.1,-9.87,13.79,-8.24,-13.79,-8.32,-1.19,-27.11,-21.54,-3.02,-21.16,-8.99,-1.69,-5.29,1.58,-1.75,-10.86,-11.27,6.71
1311510,72.01,8.43,20.6,31.81,30.23,-11.38,-2.38,-1.47,10.77,28.27,31.03,29.3,-0.52,-8.61,29.52,-1.54,-12.98,-6.83,-6.97,1.69,13.49,-0.48,10.78,-22.08,3.74,-1.41,-37.96,11.45,17.15,22.06,1.99,-0.79,8.22,13.82,-4.91,2.51,-4.08
1311511,84.47,54.1,35.88,-59.46,67.19,52.35,15.53,-28.53,51.76,-28.56,-30.2,5.61,-30.27,24.39,36.63,-50.89,-1.53,-56.77,-57.62,-56.61,-88.8,8.36,-46.87,-8.58,-46.78,-34.16,-13.8,16.8,-75.15,-43.29,-20.39,-35.23,64.21,12.87,-2.33,22.53,-23.25
1311512,-22.05,15.12,-25.75,-39.21,-14.76,-0.85,22.9,6.35,23.83,9.05,15.94,13.59,22.49,31.27,43.8,13.06,24.12,22.3,21.73,29.05,13.72,0.57,31.9,20.19,35.6,22.14,29.73,31.88,22.62,31.65,38.15,13.72,16.38,-3.66,22.89,2.58,14.21
1311513,-59.82,0.06,75.46,9.38,-3.76,9.18,12.43,29.32,27.63,20.45,9.8,8.85,11.38,7.98,16.47,23.79,14.64,20.78,18.51,6.41,36.95,19.89,15.36,18.81,23.51,28.18,44.25,16.79,31.86,45.24,32.61,10.48,24.66,24.21,8.04,7.86,-10.74
1311514,34.21,15.77,66.45,-13.26,15.75,38.29,-80.72,33.3,31.8,32.07,31.36,46.19,18.64,22.99,-22.95,-20.66,5.96,48.99,-36.95,-15.97,27.66,37.15,-16.06,-36.83,12.46,-48.01,-21.48,16.74,-48.79,-32.77,-21.17,2.64,27.94,-36.19,-29.1,64.73,-27.96
1311515,34.93,3.57,14.97,32.96,24.17,31.06,12.54,17.43,19.58,54,21.7,34.1,-10.65,0.27,17.87,23.16,9.79,44.09,17.47,-10.1,-31.98,-1.96,-5.35,11.07,4.27,3.57,-13.03,32.6,0.47,13.51,20.3,-0.22,35.58,-9.66,-6.81,-2.75,-3.31
1311517,62.73,21.16,-8.3,11.68,6.15,-4.89,-13.86,8.56,-0.81,2.03,-0.55,1.59,-2.88,14.15,18.03,0.19,11.33,35.49,2.13,25.23,2.95,13.09,27.53,-13.65,4.75,11.76,-9.44,20.7,1.08,1.94,-5.85,20.67,16.11,10.24,6.07,8.42,11.67
1311518,72.04,22.99,18.91,35.47,26.5,24.46,10.15,-20.15,-9.01,-15.45,-3.57,-7.69,7.36,-16.06,5.49,-14.13,-12.19,-7.1,-2.86,-17.89,-1.6,4.13,-13.47,1.51,-3.41,6.27,2.14,15.39,-9.07,5.53,2.41,-7.56,-20.83,-18.86,2.57,-23.74,-9.16
1311519,64.47,1.39,30.28,-0.19,19.27,24.29,-50.06,18.96,7.41,-17.28,15.17,-27.63,-18.11,-14.57,2.01,-31.87,10.59,-51.85,-43.03,2.01,-11.83,3.79,10.23,16.83,-16.5,-10.97,19.66,28.29,8.73,0.26,25.29,25.36,23.04,12.54,-10.03,14.44,-12.4
1311520,41.23,-28.07,1.28,34.17,16.29,-17.92,4.08,22.62,14.82,5.32,10.91,30.08,6.12,-9.51,6.8,4.19,-3.1,17.42,21.65,-11.2,-1.79,2.81,-1.8,4.97,-6.25,20.69,-12.22,20.57,8.72,21.45,-5.69,-16.06,-18.74,-14.1,-3.97,10.58,-10.64
1311521,78.96,5.72,1.33,-17.84,-4.48,9.29,-38.88,11.27,9.82,11.93,-14.15,8.51,15.8,6.53,10.54,12.3,14.87,10.79,17.61,-12.78,-21.56,-3.72,-15.83,-10.07,1.37,2.94,-9.03,-21.39,0.03,1.77,-11.04,0.37,11.21,12.77,-12.79,-0.06,-3.33
1311522,116.35,24.95,-90.06,-10.99,-19.57,-0.56,-21.69,-23.63,-29.97,1.45,-12.39,-5.21,9.33,-53.67,-31.84,-27.4,-29.36,-70.51,-50.16,-15.1,-27.26,-16.59,-30.37,-20.42,-31.31,-11.49,25.93,-7.47,1.73,30.63,6.29,-5.47,3.26,-2.53,-19.82,44.23,42.5
1311523,69.66,3.31,15.45,15.87,1.39,8.68,-3.01,0.3,-2.22,-3.8,-3.29,-0.29,1.95,1.36,2.16,-18.09,7.34,-0.63,-0.26,-4.36,15.38,-1.88,11.59,-1.19,-5.52,-3.74,3.64,-0.5,3.71,1.81,4.79,10.85,15.72,6.23,11.89,18.88,7.8
1311524,46.95,-13.41,-18.45,-28.35,-37.65,-5.29,-33.47,4.51,-8.5,-28.98,-5.52,-5.98,17.39,4.45,26.19,-23.63,-18.97,9.89,29.05,23.98,-12.7,-26.93,-12.19,14.45,0.05,-15.15,-10.83,-15.37,-3.25,11.78,-13.81,-4.13,25.93,27.13,-13.85,2.06,-7.68
1311525,64.77,2.15,5.86,-3.35,-7.63,-1.38,-4.37,-1.05,1.68,7.05,0.44,-4.04,4.49,2.63,1.37,6.32,10.32,-1.09,-1.85,-3.07,1.78,-6.85,0.48,-1.78,-5.25,-0.18,-4.63,3.4,-2.99,-4.08,-13.61,5.16,-4.12,1.03,-3.74,0.67,-9.69
1311526,109.34,-0.07,-3.69,-3.75,-3.38,-7.44,-5.64,-0.81,-1.36,4.62,-1.49,-0.64,1.64,-6.83,4.52,-3.36,-6.73,-8.88,-13.67,-5.23,-4.66,-6.36,-8.31,-5.95,-6.03,-2.57,-3.43,4.39,-3.23,-15.08,2.15,-12.14,-2,0.73,-9.66,-8.98,-8.66
1311527,111.66,-6.14,-50.47,-53.05,-20.81,-22.29,-67.28,5.13,-36.31,-75.75,-53.98,-5.82,-26.15,18.44,-8.88,14.8,25.6,-2.76,10.08,-49.33,-10.59,-32.06,-15.58,-29.74,-35.67,-2.83,2.41,-2.2,-6.83,40.83,-10.79,23.06,37.82,3.33,55.68,-0.46,1.95
1311528,44.27,-3.24,-27.69,29.53,0.28,-1.52,59.68,14.51,-11.46,4.84,-14.3,24.74,15.39,-0.15,18.32,40.29,-10.77,-27.09,-8.42,29.02,28.52,51.89,26.89,35.43,24.33,-18.28,40.44,8.47,-29.6,28.67,-21.01,-14.6,6.08,-7.54,-6.82,-25.3,-24.46
1311529,7.76,22.65,-21.12,8.29,6.97,23.48,0.77,3.34,2.64,-18.67,27.81,11.52,11.52,3.08,-1.67,-29.01,13.54,16.8,4.9,24.3,-1.74,20.53,5.99,48.26,13.13,-1.03,42.83,6.72,-18.75,-27.51,-28.31,10.65,26.51,36.69,6.94,23.84,42.09
1311530,95.01,-32.98,5.41,-20.34,-12.64,-1.26,7.34,29.36,5.92,8.9,6.24,10.44,2.25,5.98,-4.57,-13.06,7.16,-15.31,-23.3,-1.85,-1.88,-7.98,-13,36.2,-24.21,-4.47,-2.34,0.02,3.76,4.67,2.09,-10.19,21.88,-12.42,15.02,-16.16,5.06
1311531,50.53,30.2,8.23,18.37,7.67,5.98,20.53,-6.65,-3.42,4.2,-18.16,7.42,21.55,-0.71,15.22,7.92,3.48,17.42,20.86,5.42,1.12,11.94,22.37,-5.68,18.68,11.93,-2.38,0.59,1.65,10.48,-1.8,7.1,-16.31,20.44,-4.38,1.04,9.28
1311532,45.01,-33.14,17.07,-64.62,28.03,18.92,4.58,-12.34,33.76,-10.69,-14.04,30.68,40.23,7.2,35.69,35.65,3.47,30.79,48.34,-10.72,-15.37,-24.01,0.67,29.31,19.47,-5.32,-12.14,-30.44,9.49,33.38,-6.42,22.4,32.53,23.07,3.78,-7.26,31.3
1311533,96.76,-4.99,3.55,-25.19,13.09,15.98,-17.21,-15.1,-12.03,-7.5,11.38,-14.89,-26.36,-26.02,-5.03,-30.31,-15.43,-21.34,-23.88,-3.84,3.93,-4.14,7.95,-3.18,17.87,15.07,24.17,18.56,13.03,2.97,3.11,-18.42,-3.87,-4.64,2.61,5.3,-12.29
1311534,91,15.03,-82.61,8.13,13.17,8.98,1.16,-2.08,-0.54,-1.07,4.25,7.09,5.22,-3.66,4.93,2.24,13.82,-0.12,4.61,-6.62,0.18,-6.57,-2.23,-1.7,-16.85,-5.35,-2.76,-1.73,-3.7,-3.05,1.64,-1.79,-3.99,-5.32,1.06,-7.88,5.4
1311537,85.32,2.71,33.05,38.02,2.25,10.32,22.64,-15.34,-15.9,-11.81,-24.93,-13.8,-23.35,-8.69,-10.13,-10.97,-21.95,-12.94,19.06,1.47,7.24,-4.38,7.85,-2.52,-11.95,-6.85,-7.37,-8.71,-12.36,-15.69,5.89,12.07,11.1,-2.73,-4.6,-8.08,5.95
1311538,48.65,-3.37,22.17,-3.86,13.2,18.52,-1.28,13.52,-2.73,7.16,-4.68,2.78,13.15,-7.32,4.52,1.74,4.69,0.6,6.72,11.28,7.41,0.6,-1.89,-2.35,10.29,-15.73,-18.14,-9.11,-8.28,-16.99,-10.76,4.58,1.96,-6.83,22.99,-6.83,1.15
1311539,109.04,27.77,-56.16,-53.14,11.33,-18.86,-14.5,-2.81,-33.47,-24.84,-7.98,-61.48,-19.94,2.06,-20.35,-1.53,-7.84,-50.88,-17.65,-19.64,-1.26,17.25,-14.37,-20.83,-12.47,-6.07,19.46,-10.68,-23.4,-5.33,11.03,-14.01,-26.85,-44.16,-1.2,-13.73,24.42
1311540,37.52,-7.12,15.9,-5.93,18.75,20.56,36.21,3.24,3.55,17.18,3.39,22.91,14.73,11.29,-0.38,25.14,17.95,-2.28,8.93,15.01,-5.45,1.82,10.89,6.54,19.22,16.56,22.91,20.13,22.23,7.38,12.73,2.03,0,3.32,-8.24,7.16,-3.8
1311541,96.33,-1.82,-9.82,0.15,4.45,14.03,1.32,-10.53,-11.59,-13.35,-7.73,-3.48,-3.24,5.2,-6.19,-1.63,9.11,-2.56,4.81,7.47,7.86,-8.29,9.08,-6.4,2.93,-6.56,-8.61,-3.23,0.73,-0.31,6.35,0.63,-6.98,7.71,-3.81,-6.12,-3.54
1311542,0.17,28.94,-17.29,-0.3,14.25,-29.77,18.64,12.86,-13.39,10.24,-9.82,10.48,27.96,-10.02,-5.83,-1.48,7,13.27,37.46,73.33,21.7,38.92,35.22,-0.84,29.12,39.99,15.81,8.41,4.26,23.67,-19.49,25.19,14.29,26.95,27.33,7.04,26.47
1311543,97.35,3.82,-3.25,-9.36,-6.13,-6.39,-15.18,-9.14,-6.92,-5.52,-16.16,-20.33,-3.41,-9.4,-7.62,-18.87,-28.72,-14.42,0.39,-5.66,-8.18,-2.36,-15.87,8.24,-20.86,-2.7,9.12,-14.95,-19.63,-22.03,-5.53,-4.97,7.84,16.4,14.85,-26.96,-8.82
1311545,96.67,2.95,-19.05,-19.23,-20.68,-6.53,-14.31,-2.44,-18.94,1.33,-21.65,4.38,-22.07,-3.46,-52.55,-11,-21.08,2.14,-23.45,15.7,-11.4,-9.97,-4.7,18.79,-6.84,-4.53,0.13,-17.57,-12.02,-21.17,-1.25,-25.64,6.47,2.05,9.83,3.11,-6.75
1311546,80.04,23.67,-3.36,2.47,17.72,18.84,7.22,-2.15,-2.34,3.29,0.16,-3.4,-0.11,1.82,-8.17,-5.2,5.59,-2.14,-2.7,7.8,9.27,5.03,2.82,6.78,1.43,2.25,8.03,5.19,2.95,-0.33,0,-5.89,-4.35,-3.87,-6,-3.99,-3.49
1311548,38.61,78.38,67.98,78.58,72.31,70.47,67.68,-46.32,-8.09,-0.87,2.2,-6.79,15.99,-28,-21.9,-3.18,-16.4,-6.57,-13.09,-6.83,40.24,-23.54,26.88,-27.59,-20.24,-7.22,-17.26,7.92,-30.74,-44.3,-14.57,-7.21,-24.4,-6.52,27.48,3.99,-12.28
1311549,34.23,-0.52,-5.42,-21.56,-4.49,-6.55,3.09,23.36,16.34,18.71,33.12,31.34,34.14,15.56,12.21,6.63,12.27,20.78,4.76,13.06,-8.24,-4.47,-0.24,8.94,24.75,-5.49,7.2,-1.29,20.23,9.05,6.58,-1.18,7.93,-3.83,-9.15,4.13,2.28
1311550,5.32,-0.81,-9.24,-8.75,-0.91,-7.46,-2.47,2.56,2.57,0.65,9.89,2.34,2.61,-0.38,-1.32,-4.47,-0.05,-3.7,-7.05,-5.69,-3.4,-1.98,-0.07,-2.84,2.79,0.31,1.93,-4.75,-0.54,-4.24,-5.11,-1.02,3.36,-3,0.33,0.81,3.14
1311551,27.04,15.99,40.07,19.56,14.24,4.07,37.98,-11.1,18.83,20.84,18.17,21.62,9.69,18.65,-5.84,0.39,-3.16,-6.2,21.95,29.13,24.89,34.72,14.43,19.93,34.62,-9.46,6.67,-6,-0.08,8.67,6.25,4.4,4.59,23.34,6.55,7.94,4.98
1311553,77.08,0.28,17.02,-11.28,-14.13,-3.37,-32.54,-1.57,10.2,21.93,-0.95,6.42,-7.58,1.36,3.65,18.85,3.9,-0.39,30.99,14.23,1.88,-14.1,-18.58,8.62,-10.3,21.01,6.34,19.74,30.87,21.87,7.5,-5.27,-15.17,-13.62,1.29,-28.13,-16.74
1311554,56.03,10.48,13.21,0.43,8.03,3.73,4.11,18.09,4.11,10.48,0.72,7.51,14.73,-19.26,1.52,-1.67,-12.53,-11.02,-16.44,-5.7,2.32,7.24,1.11,15.34,2.9,-8.4,-8.19,0.74,-15.37,-10.11,-1.22,-20.01,-2.3,3.93,-8.41,1.91,-1.26
1311555,117.1,-32.49,0.73,-3.3,-40.33,-71.24,7.21,-21.43,0.95,6.02,10.74,-33.55,9.16,-21.08,-35.63,-20.47,-31.02,-36.26,-28.26,15.71,-23.51,-7.12,-12.25,0.66,-2.02,-37.46,-18.9,-19.04,-8.15,-5.75,-24.28,-5.87,-55.53,-3.27,-8.74,-0.63,-15.65
1311556,-6.41,-0.21,1.53,63.69,-21.09,-11.77,2.19,6.53,30.64,48.77,-9.4,39.1,38.84,22.11,-1.54,-22.99,3.8,15.49,-28.34,-2.31,43.93,30,8.75,20.37,-3.99,10.09,6,-0.6,8.77,18.34,3.43,1.5,-1.61,49.62,23.92,6.76,31.43
1311557,92.3,9.19,2.07,-3.88,5.78,11.79,-7.2,-8.98,-14.99,-8.16,3.61,-7.49,-2.03,10.76,2.22,4.89,-5.77,3.2,-5.83,-2.12,1.85,-12.14,1.34,-6.23,-1.16,-8.78,-1.47,0.7,14.55,-62.89,-2.59,-3.77,-8.82,-9.53,-12.78,-6.76,-8.58
1311558,45.93,-28.58,-0.88,-8.88,-18.74,-5.34,4.94,9.31,-8.42,21.41,1.21,14.46,4.74,-16.64,-24.86,10.17,8.58,3.13,3.98,-0.57,-5.81,12.18,13.81,5.73,6.18,21.22,-22.07,31.28,-12.72,-33.7,0.97,7.88,-2.55,0.98,-24.78,-31.43,-19.62
1311559,4.96,-6.34,1.99,-1.85,-7.31,-3.68,-8.46,0.65,-4.74,13.85,-3.33,9.17,6.83,6.76,10.96,15.75,8.33,5.72,9.34,-1.94,1.32,6.05,-0.94,5.97,6.71,12.6,6.91,1.08,8.15,3.3,-4.1,10.45,-4.4,5.26,7.79,0.64,11.72
1311560,82.58,-9.57,-18.06,0.72,-5.56,-12.87,-12.45,6.35,17.86,4.81,-9.98,11.29,14.76,13.35,-5.25,-0.2,-11.88,-10.3,-11.08,-11.6,22.32,-17.25,-13.2,22.04,-10.63,15.98,24.05,-2.03,-14.76,-7.42,5.1,-12.99,-2.45,4.51,11.03,-34.76,9.2
1311561,115.16,-53.39,-12.96,-36.81,-35.64,-5.91,0.63,-13.06,-16.36,-20.32,-2.65,-8.89,-6.66,-5.49,-40.52,5.57,-3.48,8.29,10.6,-2.28,-9.16,8.09,-0.48,3.03,-5.16,-21.37,-3.91,-13.1,-13.81,-34.79,-8.93,-37.56,-80.63,14.02,-51.1,-45.03,-66.84
1311562,70.38,18.4,15.72,7.19,17.24,5.56,12.93,-2.88,3.29,4.5,5.63,-0.99,1.37,6.92,10.14,-5.55,11.48,9.41,8.29,-0.6,-1.47,-4.22,1.63,-15.04,4.58,5.23,1.43,1.15,-6.35,-0.54,7.73,7.97,-1.61,-3.37,-0.63,13.41,-1.17
1311563,81.3,14.8,-10.29,-2.88,-1.48,3.49,-2.19,-3.68,1.36,1.7,-5,-8.1,-6.52,-1.15,-1.62,-9.19,-6.94,0.02,0.39,-0.4,2.96,6.06,-7.47,-8.77,6.39,-11.7,-0.95,-7.72,-7.49,-5.42,-8.6,4.86,-3.03,7.16,-7.08,3.02,0.66
1311564,75.09,-5.12,4.26,4.02,3.69,-4.92,6.41,19.73,17.38,19.75,7.18,10.16,-7.69,14.56,-10.74,4.34,1.78,21.67,4.02,-3.22,3.12,1.64,9.59,-7.43,-3.29,11.51,-1.04,18.07,0.89,8.82,-0.97,-3.9,-2.08,13.42,6.88,-13.37,-3.94
1311565,141.17,-22,-39.84,-51.89,-17.82,-25.56,-19.13,0.68,35.38,17.05,16.77,33.68,-6.19,-40.78,-22.65,-4.28,8.08,-61.55,-27.32,-1.22,-6.48,-27.39,22.72,-13.77,11.29,-35.35,-32.94,28.93,-17.45,-16.31,-19.06,-12.8,-18.86,-25.4,-39.7,-11.14,-12.86
1311566,100.01,0,0.01,0.01,0.01,0,0.01,-0.01,0,-0.01,-0.01,0,0,0,0,0,0,0,0,0,0,0,-0.01,0.01,0,0,0,0,0,0,0,0,0,0,0.01,0,0
1311567,159.78,-7.35,-30.42,-2.16,-10.09,-49.14,-41.5,-44.83,-18.09,-23.34,3.64,-44.95,-3.21,-17.39,-50.22,-31.83,-53.17,-41.91,-49.35,-12.84,-43.34,-28.83,-17.3,-49.15,-22.05,-15.26,-25.8,-37.03,-20.17,-28.67,-34.59,-14.16,-47.73,-18.25,-19.24,-16.66,-30.49
1311568,74.07,4.75,-6.17,-1.85,-2.66,-5.17,-1.52,2.65,5.79,6.57,3.87,5.99,3.94,1.44,10.58,4.62,7.81,8.64,0.73,1.76,11.21,4.98,0.81,1.7,5.87,6.63,13.19,8.51,14.57,9.52,3.95,-1.69,10.22,-3.69,-4.27,-2.07,4.2
1311569,32.7,40.76,48.64,15.55,-1.34,32.1,-4.84,15.52,26.93,-8.36,-4.2,-8,27.26,48.21,34.53,12.24,4.58,-19.84,2.64,-17.06,-21.02,-26.42,4.1,19.75,11.36,65.28,63.89,37.14,47.26,36.66,4.06,-38.13,23.41,-27.41,-37.11,12.94,-32.94
1311571,185.68,-21.6,-9.8,-48.75,-17.69,-35.82,-98.37,-63.72,-40.29,-16.95,-44.6,-73.62,-27.65,-59.22,-79.21,-59.63,4.83,-41.59,-37.02,-81.84,-56.56,-68.93,-34.26,-115.62,-11.11,-23.2,-16.43,-33.51,-19.88,-17.62,31.18,-47.25,-37.92,-15.52,-23.29,-53.75,-20.83
1311573,67.81,-36.13,-16.82,-34.12,-35.48,-16.48,-33.49,5.01,-21.49,0.02,-2.88,-7.22,-4.45,-4.05,10.58,-9.66,2.13,1.78,-4.44,-0.85,1.24,-3.28,-11.64,3.22,3.48,-4.87,-22.11,-12.04,-11.39,-13.04,-14.08,-7.33,-13.23,-11.54,-4.75,-0.55,-10.31
1311574,150.6,-59.63,-14.66,-35.26,-30.63,-7.84,-20.66,14.92,-23.61,-13.94,40.03,-26.67,-48.71,-62.92,-67.49,-75.02,-46.47,-56.78,-17.72,-25.21,-18.13,10.11,-6.2,-22.19,-6.46,1.69,-15.4,-76.9,-51.81,25.21,-62.53,-7.56,17.68,-40.6,-52.86,15.47,3.01
1311575,58.29,10.42,15.69,4.15,3.61,8.56,2.97,5.48,-3.63,1.19,5.12,13.23,-7.62,1.05,7.51,-2,2.73,4.05,6.93,4.57,3.08,1.64,-0.52,-8.66,4.56,7.75,-0.65,-1.06,2.63,2.2,3.3,9.42,10.05,23.06,6.69,5.49,7.51
1311576,42.28,27.33,-43.97,-44.34,31.58,9.63,8.48,11.88,-33.27,30.69,-21.35,-13.02,5.02,-38.28,0.22,9.14,-8.37,11.77,33.86,12.45,-18.27,24.26,15.28,11.79,1.88,0.74,-0.39,38.88,-16.99,21.61,16.04,41.31,13.62,18.22,5.73,11.15,11.81
1311577,80.37,8.2,-8.6,-11.15,22.32,5.64,-10.05,4.16,-6.31,-0.29,-2.59,-15.97,-4.5,-5.53,-12.44,-1.49,-16.48,7.39,6.43,23.33,-0.2,20.74,-5.17,-5.68,3.83,-5.14,10.02,19.57,3.4,13.68,13.12,-5.01,3.24,20.6,-9.2,9.16,2.89
1311578,53.34,0.14,18.83,12.54,-11.73,6.29,-1.36,4.1,16.49,0.81,4.07,7.48,6.7,6.71,17.19,20.57,9.59,17.08,2.75,13.1,10.76,18.32,-12.46,-4.95,4.97,5.26,20.32,5.5,-2.74,8.66,7.25,3.57,6.63,8.37,2.21,1.77,2.42
1311579,59.3,-4.85,34.85,6.7,18.25,30.91,-4.7,-2.44,10.06,6.54,11.62,12.98,4.43,1.06,14.19,12.57,9.12,5.27,5.72,4.03,11.72,21.24,12.07,-10.67,6.67,-3.23,-1.34,8.28,3.34,1.46,7.12,4.15,4.28,7,-5.5,10.82,11.28
1311580,8.14,0.97,3.2,5.29,5.18,8.49,2.05,5.03,3.5,5.08,1.33,2.48,-1.27,0.32,1.54,0,1.35,1.97,4.54,0.46,-0.25,-1.32,0.26,0.39,0.38,3.12,1.25,-2.26,2.38,2.81,0.54,-3.26,-0.24,-1.9,-4.74,0.52,-0.3
1311581,84.11,-13.16,-10.45,0.21,0.11,2.31,-3.66,-13.26,-1.33,1.43,5.04,-15,-7.19,-26.17,-15.44,-16.21,-26.92,-35.15,-7.16,3.59,-8.68,-5.96,1.06,-5.09,-8.75,-7.8,-6.66,-7.6,-21.13,-16.73,-2.32,-16.23,-19.42,-20.39,-4.92,-17.99,-3.77
1311583,76.77,-2.33,-40.32,13.24,2.33,2.87,0.67,-11.44,0.13,-7.57,-37.69,4.93,-4.05,2.77,5.4,-12.23,-2.29,-0.62,-7.82,0.91,-3.12,4.07,-0.21,-2.41,-7.97,4.97,-4.11,9.02,-1.54,-5.21,-8.64,-7.27,12.28,1.52,-4.1,-12.04,-4.04
1311584,84.84,-3.91,11.79,-1.36,-5.25,-6.94,-21.09,37.68,29.61,5.6,10.19,1.18,26.3,20.94,19.26,4.56,1.95,-13.41,15.32,-2.69,19.8,-3.78,26.9,4.64,14.04,18.51,-4.07,-12.86,-10.65,-26.12,-0.65,7.89,-39.5,-15.43,-13.26,-12.94,-18.64
1311585,64.36,27.07,-27.87,19.08,-3.17,15,83.59,-38.54,-22.9,-13.65,-21.62,-31.81,-29.55,-9.25,-23.63,16.96,31.92,-15.41,-6.89,-17.78,-21.36,6.4,-50.09,16.7,-17.57,-47.32,-17.1,-3.78,-12.65,-7.79,-30.36,-31.12,26.02,-4.52,-2.08,-5.64,-19.9
1311586,137.38,-84.78,-44.77,-8.09,-36.26,-25.98,-52.52,-17.88,-16.64,-18.96,-31.48,-46.15,-6.88,-27.81,-22.52,-15.91,-43.85,-19.86,-7.25,-6.08,-14.64,-9.67,-11.16,-11.67,-29.63,-19.3,-42.21,-15.17,-29.68,-26.66,-9.72,-7.51,-16.63,-1.29,-36.52,2.28,-20.72
1311587,94.12,2.73,-11.4,-4.4,2.95,5.07,-15.59,-7.52,0.89,1.58,-2.58,0.43,0.77,-2.08,5.4,2.09,-1.8,3.33,-1.97,0.61,3.52,0.7,5.97,3.48,2.59,2.26,3.32,4.12,3.87,0.37,-0.69,1.24,1.72,3.95,0.29,2.91,-0.25
1311589,77.15,11.56,23.69,15.49,16.27,5.45,11.89,6.7,18.06,10.89,-8.43,7.4,2.43,6.33,-4.2,-0.3,-6.56,1.33,-11.1,-2.12,-5.23,4.57,-14.3,-9.93,-7.58,-14.49,2.11,-3.72,-1.31,2.98,-2.37,0.96,12.17,2.59,-2.79,9.59,1.21
1311590,60.24,-49.39,6.81,13.97,-3.74,-29.5,1.7,-0.52,-0.35,-13.24,5.86,-2.86,9.16,-1.94,5.38,-12.48,-14.28,3.77,8.91,-3.32,17.21,3.19,10.72,7.31,12.05,3.24,-2.86,-1.9,9.07,-13.57,1.39,-13.03,9.8,-6.75,-7.23,-16.75,14.06
1311591,-11.53,0.51,-0.16,5.37,3.41,0.64,-1.11,2.54,3.36,3.47,-0.08,-0.27,6.99,4.52,6.15,5.51,4.43,5.55,6.38,-0.6,4.92,7.44,2.17,3.48,4.94,0.94,0.56,2.31,2.52,1.06,7.66,5.8,2.63,4.33,1.56,3.12,6.54
1311592,86.64,-1.79,-2.08,-5.18,-2.33,2.49,-17.69,-3.47,-4.85,-5.05,-4.92,-3.14,-6.36,0.46,-5.39,-4.01,8.09,-5.62,2.48,1.38,-4.63,2.61,-3.81,-3.59,1.77,-18,-2.45,-11.42,-12.3,-11.4,-9.5,2.37,0.18,6.1,0.09,0.22,4.24
1311593,74.09,8.32,8.78,11.36,15.69,23.87,12.51,-5.64,-2.88,-8.27,-3.28,1.37,-1.68,-0.18,-6.65,4.62,-2.15,-8.51,-4.19,-6.88,8.63,1.38,-13.13,-10.81,0.59,8.48,8.43,21.11,7.7,13.25,9.88,2.01,6.18,7.38,-12.61,-10.81,14.99
1311594,68.04,2.55,10.43,9.44,-7.81,-8.75,4.21,-7.9,-19.14,-9.16,-4.71,13.05,-7.98,-17.84,-13.5,6.91,9.92,3.87,-2.04,20.62,17.17,-25.51,3.56,4.08,-7.65,-7.95,-1.99,19.32,20.47,-6.87,7.36,-17.09,-17.77,-11.4,-27.23,13.93,-15.3
1311595,78.13,0.16,-6.77,-14.49,5.33,6.97,-4.64,1.9,-7.29,-8.01,-3.07,7.86,0.99,2.24,-14.12,-18.31,9.22,8.93,-10.32,4.83,-1.58,-3.42,8.7,-6.13,-19.32,-5.57,-13.06,-19.69,-5.9,-24.8,-22.13,1.87,-19.66,16.3,-7.96,-17.66,-19.01
1311596,45.58,1.43,-31.25,2.6,6.71,15.67,18.11,12.26,-6.13,-0.31,15.22,4.39,29.05,14.27,26.83,-22.24,5.48,21.92,1.32,20.33,-10.73,-13.38,34.27,-4.63,-6.75,-21.84,-16.99,-29.23,-3.7,-28.91,-40.54,22.9,15.59,-9.24,4.87,3.18,17.33
1311599,160.62,-37.03,-0.74,-51.37,-36.36,-38.92,-63.36,-38.3,-46.78,-30.2,-48.02,-37.47,-35.27,-30.85,-7.72,-28.67,-34.35,-27.14,-8.86,-41.6,-34.98,-66.54,-12.79,-45.05,-56.67,10.59,4.54,13.23,-9.86,15.74,16.26,6.45,3.49,-24.52,-14.33,22.95,-1.23
1311600,97.04,-9.1,15.06,14.76,-13.32,-8.3,-22.06,-2.99,-8.38,-3.39,-3.5,-15.32,1.01,-5.35,-5.44,-12.43,-12.99,-4.54,-12.82,0.51,2.29,4.98,-2.15,-6.47,-7.92,2.92,-7.93,-7.46,-12.09,-7.71,-10.23,6.09,0.54,-1.98,1.1,-5.25,2.92
1311601,71.64,15.43,-8.76,-2.95,-6.67,-14.52,-0.15,1.02,-10.01,-20.43,-28.96,-15.81,-10.35,-17.31,-15.26,-4.24,-9.98,1.65,-10.08,-17.9,-30.54,-11.05,-25.78,-15.9,-33.69,-3.06,0.22,-6.5,-2.85,3.22,-9.32,6.74,-27.78,-14.38,-3.11,-25.04,-28.38
1311603,81.33,-5.2,-23.99,-19.65,3.59,9.88,-10.7,-7.63,-0.65,-8.67,-2.92,-11.09,-2.8,-9.59,-0.28,2.2,-3.13,-9.04,4.25,-9.31,-2.28,-9.66,0.32,-14.94,-2.22,-12.72,0.61,-8.17,2.72,-3.82,-3.29,-0.99,2.26,-5.2,-7.44,1.93,-2.35
1311604,125.44,-49.7,-41.5,-68.76,-26.6,-28.41,-86.66,-22.77,5.72,-0.24,-13.32,-5.88,1.75,-14.14,10.52,-3.32,-16.18,5.05,-11.43,-57.74,-14.36,-30.54,-24.59,-27.77,-31.32,38.03,26.91,20.63,3.08,24.23,11.94,-42.55,-32.87,-20.55,-49.23,-22.7,2.47
1311606,96.76,10.24,2.12,-14.56,-3.72,-3.85,-10.35,0.34,14.14,13.93,13.97,2.41,22.01,-21.39,10.54,-22.47,-21.53,-11.04,-3.19,-16.65,-23.1,-11.33,-10.29,-7.16,-19.68,6.39,15.12,-8.04,2.37,-22.84,-0.95,-14.5,7.6,-4.49,16.66,30.7,4.81
1311607,76.6,1.73,3.54,9.65,3.89,17.59,-6.18,-0.54,-4.27,6.9,-1.62,-4.88,-3.99,0.29,5.59,-2.14,-3.17,6.77,2.65,-2.99,6.33,-3.95,-1.09,-4.54,-3.92,-2.81,-7.57,1.62,-3.37,2.43,-2.09,-4.12,-6.96,-0.9,12.39,3.04,-4.36
1311608,98.62,-13.31,2.08,-16.14,-30.63,-8.63,4.34,-10.78,-1.54,-2.78,-6.16,-19.85,-8.54,-9.34,-8.34,-9.27,-21.21,2.56,-3.87,-3.73,3,-4.7,-6.06,10.19,14.11,-5.83,-7,-13.03,-2.66,-10.52,-10.15,-7.62,-12.74,-9.77,-2,-7.71,-25.45
1311609,70.22,17.06,6.52,22.04,15.77,31.23,1.88,1.47,-2.46,8.22,-3.48,3.29,19.22,0.87,-12.61,10.08,-5.52,2.71,1.31,0.88,2.04,3.62,2.68,0.72,3.57,6.58,-0.59,1.69,5.42,21.44,-2.73,-0.34,-5.11,6.04,1.38,8.7,-6.67
1311610,-1.11,-19.45,-0.8,3.95,9.14,13.33,30.25,20.11,27.52,13.81,17.49,-7.69,44.42,-1.18,6.52,9.78,-8.74,-7.29,-0.6,33.6,34.32,37.04,12.81,39.64,26.41,-11.57,-21.46,-4.72,5.38,25.59,18.41,15.15,25.04,15.89,20.34,21.16,14.54
1311611,71.8,-26.23,-0.96,9.41,3.97,-14.48,-56.99,-4.53,13.13,-2.43,16.27,-9.28,-2.98,11.83,1.42,-8.7,2.72,6.71,-4.58,12.39,7.08,1.88,-4.33,23.81,7.67,-16.46,4.41,1.02,-4.42,-32.25,3.58,5.39,8.44,14.32,11.86,6.81,11.05
1311612,3.35,-30.28,-17.45,7.98,-15.66,-18.05,-26.87,3.38,33.24,-4.72,36.74,25.43,20.42,-5.04,11.82,-16.06,12.43,-28.28,-2.8,29.15,17.01,0.52,26.41,44.93,10.87,28.06,26.92,44.56,32.92,30.06,12.37,-14.87,-24.77,-6.81,1.82,-13.97,-24.54
1311613,37.74,-17.74,3.41,5.95,-24.73,-12.52,-0.77,-11.82,2.56,-20.55,-19.01,-3.3,-18.35,-4.9,0.92,-15.55,3.55,-9.56,2.3,-5.86,7.92,-3.35,14.58,-2.53,0.34,3.8,3.3,9.31,3.4,0.06,7.06,7.87,-7.56,-17.37,-11.02,-6.8,-11.71
1311614,94.77,8.24,9.84,4,8.71,-1.02,-3.68,-12.63,-11.7,2.19,-15.41,-12.29,-10.55,-3.3,-4.71,-12.56,-12.48,-19.24,-4.44,-14.31,-17.47,-13.69,-0.06,-12.27,-1.8,-3.53,-2.74,0.67,-4.03,1.21,0.68,15.87,19.86,5.64,18.28,12.03,15.18
1311615,29.19,11.49,9.04,8.48,17.71,29.84,25.15,-7.22,10.92,-7.17,6.39,11.32,4.2,11.86,17.13,20.12,13.39,29.95,33.52,20.03,13.03,5.02,8.87,-4.36,-3.03,0.68,11.89,15.87,1.83,7.27,8.15,-3.06,30.88,-1.77,0.2,10.46,3.35
1311616,32.37,-2.47,4.45,-2.79,-8.38,-3.2,-4.48,8.8,18.24,8.46,12.36,18.48,0.45,10.65,8.72,6.01,6.11,-2.79,7.9,11.52,4.71,26.84,25.94,5.56,5.23,1.98,6.55,23.23,7.81,6.91,1.93,14.83,19.36,16.08,1.46,13.78,10.82
1311617,93.18,-2.69,7.95,-11.01,-4.52,-4.28,-10.05,1.61,-5.08,-5.14,-5.34,-1.32,1.19,-1.64,1.74,1.73,-1.67,2.58,2.19,-3.35,-3.14,3.14,-12.87,-1.04,4.08,-2.76,-11.9,-2.82,-8.21,-13.23,-5.97,-2.63,-9.27,-4.15,1.29,-1.52,3.15
1311618,93.8,-3.36,12.87,0.57,3.9,1.96,1.69,-0.82,-6.81,0.51,-2.85,-8.48,6.56,-3.75,1.43,4.21,-8.69,-3.79,-4.37,2.6,1.39,6.39,-4.01,-3.75,-4.97,6.17,-2.56,1.46,-4.69,0.49,-6.07,5.49,-1.64,-3.38,4.48,-8.42,-3.39
1311619,13.08,-7.71,0.73,2.66,4.13,14.77,-12.34,3.06,5.68,14.7,22.22,7.18,10.64,-1.16,16.28,17.25,8.63,-2.28,-3.32,4.7,17.36,8.64,3.75,-13.93,4.22,-3.82,11.87,1.38,11.15,-3.05,8.98,-0.75,-6.61,1.05,-5.48,4.97,-0.24
1311620,93.27,3.4,9.28,7.88,7.11,-1.33,3.05,9.31,-2.78,-2.1,0.71,-4.16,-1.06,12.38,7.42,9.69,7.66,0.07,1.06,0.54,2.05,-3.54,5.13,-5.55,-2,-2.81,-2.84,-5.16,4.09,1.6,-5.43,5.57,0.02,1.29,-7.29,0.14,0.91
1311621,95.97,2.09,0.6,-2.56,7.42,21.66,-9.12,-28.74,-2.25,-3.22,-4.87,13.82,-8.4,3.42,-8.47,-10.04,-19.19,1.12,-10.06,0.89,6.04,14.08,1.3,-11.58,-11.29,4.77,-20.24,2.8,-31.19,-2.77,-15.66,1.4,4.48,-15.83,6.52,2.74,-0.3
1311622,14.8,15.25,-18.76,-7.73,2.45,18.45,6.89,-10.57,-11.55,2.56,-18.52,-2.48,9.31,-0.99,-13.02,19.41,-9.16,-0.2,-17.97,-18.05,17.32,16.89,13.11,0.8,1.16,-0.59,-7.52,-3.32,5.52,-3.52,14.53,21.11,2.29,-1.18,4.92,1.16,0.16
1311623,91.78,7.17,11.01,4.37,-1.59,5.72,-5.1,4,8.43,5.7,12.19,-0.43,-4.86,-6.74,-6.55,-0.24,-13.52,-12.13,-16.84,-10.91,-9.91,5.57,-22.08,-9.6,-21.65,-12.93,-6.62,-8.26,0.29,4.15,-30.47,6.55,-13.93,-9.12,-16.91,2.91,-6.07
1311625,63.22,10.15,1.35,27.58,13.93,1.71,22.44,9.91,11.59,12.65,15.96,3.06,8.96,11.12,-0.66,26.25,13.17,7.25,0.7,-6.43,10.93,15.41,0.67,5.47,2.6,0.37,-5.09,17.87,10.46,15.54,2.93,-1.46,-1.38,1.21,7.21,-0.19,-9.34
1311626,77.12,8.27,5.68,6.72,10.17,22.36,1.98,-0.91,-3.61,-4.88,1.12,0.75,-0.41,-0.79,-4.63,1.17,-5.77,3.13,-1.52,-3.22,-7.21,-5,-3.41,1.92,-4.59,-5.01,-3.01,-1.99,0.93,-1.44,-3.95,-0.29,1.39,-2.82,7.28,1.98,5.9
1311627,13.67,53.6,18.19,43.86,-9.73,-18.41,26.76,13.4,9.43,16.64,3.93,-16.37,2.44,-9.11,-7.24,5.84,-1.49,-1.83,17.51,-5.34,7.56,23.85,14.78,24.93,27.76,18.2,0.88,11.12,-2.03,-1.73,-15.87,12.9,28.06,9.74,37.77,10.08,11.19
1311628,106.66,-20.47,-6.55,-6.33,11.8,-12.85,-2.21,-10.14,1.86,-6.9,4.11,-2.54,-6.79,-11.21,3.25,-5.64,-3.67,-6.15,-0.52,-15.53,-3.15,-4.85,-7.88,-4.49,-2.86,-10.7,-0.36,-0.35,-8.38,-8.52,3.28,-6.29,-5.86,-4.26,-7.77,-3.01,-11.92
1311629,75.91,-13.55,-6.56,-30.78,-14.95,-19.1,-11.72,-23.79,-3.94,-8.8,-25.89,-36.39,-11.89,-23.37,-38.64,-29.13,-21.62,-24.65,-18.84,7.28,-16.13,-8.75,17.34,-18.35,-9.46,-2.71,-7.63,5.67,-26.34,-6.87,-13.43,-13.96,-17.59,-16.25,-20.33,-12.44,-19.26
1311630,229.24,-66.56,-66.12,-52.3,-78.53,13.31,-28.03,-44.9,-73.06,-60.6,-73.17,-47.3,-39.79,-6.3,-86.1,-47.1,-0.45,-9.55,22.1,-30.64,-62.98,-59.32,-28.13,-79.38,-38.54,-21.31,-46.77,-24.4,-70.27,-33.76,-25.86,-64.71,-97.77,-55.03,-93.9,-12.26,-136.59
1311631,62.49,-2.85,7.8,-37.07,3.81,-5.81,7.47,2.72,-10.58,0.91,7.86,-0.52,7.19,-6.38,-3.63,17.95,11.31,4.41,2.48,-7.52,-18.07,-15.73,-6.02,-2.43,-10.44,15.81,17.77,3.74,8.07,12.13,2.72,-8.74,-3.43,0.68,2.8,-14.44,-14.03
1311632,28.01,4.89,20.96,26.46,-4.74,-1.95,34.59,24.25,20.74,9.27,11.11,1.2,9.58,-15.01,8.59,-9.92,15.36,1.07,-3.05,7.57,18.51,35.36,23.92,26.9,21.46,12.04,4.22,4.88,11.57,0.12,7.02,4.79,10.17,17.26,14.54,10.05,15.43
1311633,27.62,-18.79,29.21,10.78,9.32,-28.51,11.78,-24.83,-16.46,6.17,-38.65,4.46,-2.39,-27.42,-24.64,-12.66,-13.56,-5.09,15.02,7.18,-4.89,16.21,4.92,-43.46,22.02,30.83,-2.9,20.81,-32.05,15.13,10.3,-39.88,11.14,4.87,-12.52,33.6,-5.1
1311634,0,0,0,0,0,0,0,0,0,0.01,0,0,0,0,0,0,0,0.01,0,0,0,0,0,0,0,0,0,0,0,0,0,0,0,0,0,0,0.01
1311635,74.75,-6.75,-2.54,-14.92,-0.44,-8.41,-26.23,-7.59,8.34,4.43,-4.27,1.68,-6.8,6.73,-9.43,12.99,-17.23,-0.09,-5.34,-8.44,-16.19,-8.36,-11.28,-14.61,-13.4,-10.13,-2.67,-8.46,-1.86,-20.99,-13.66,-12.42,-12.11,-5.86,8.04,-0.17,-4.03
1311636,49.89,12.39,-12.72,-11.13,-2.74,9.56,9.39,5.77,9.52,10.17,3.22,-2.14,0.95,-0.7,-2.61,9.73,0.26,-11.67,-18.01,-10.51,-5.38,-10.57,-24.96,-11.04,-18.43,-7.86,1.89,1.96,-4.63,-15.09,-10.27,21.48,24.2,24.29,-22.33,1.58,3.17
1311637,105.89,-0.58,-8.19,4.72,1.92,-1.19,-6.03,-2.02,-6.3,-0.17,0.12,-6.47,-7.38,-3.55,-15.01,0.3,1.11,9.44,-1.32,-13.23,-20.18,-12.47,-17.25,-13.48,-29.37,-2.22,2.35,-1.64,-0.15,-1.26,-7.37,-8.19,-9.18,-14.47,-10.52,-11.09,-11.95
1311638,116.21,-42.09,-11.05,-10.43,-23.05,-32.19,-15.37,4.67,6.45,-0.38,7.4,-2.67,0.87,-17.28,-22.55,-29.86,-7.18,-14.07,-23.52,-5.91,-10.34,11.32,-15.88,-16.28,-6.67,-1.02,-8.17,7.23,-18.4,-20.83,-9.49,-8.92,-21.71,-23.88,-11.98,-23.69,-9.05
1311639,71.82,-24.29,-13.26,-26.42,-32.97,-19.82,-4.64,-3.63,8.2,10.75,4.34,7.21,-18.57,-9.08,-10,-37.22,1.51,-15.23,-5.69,16.18,9.79,-5.12,1.56,2.71,7.31,10.58,-2.27,-3.96,10.85,10.83,31.83,-13.39,-4.19,-17.97,-5.72,-17.95,-9.07
1311642,68.92,-2.37,14.65,7.27,10.22,4.78,-3.79,2.21,-1.55,7.52,-1.08,7.68,4.14,2.85,3.46,6.65,3.34,5.2,2.6,-3.59,3.25,2.81,-2.07,-0.18,-0.67,3.42,-1.46,5.75,1.99,5.85,4.98,0.35,-1.6,-1.06,2.75,-4.53,7.04
1311643,2.04,-33.48,6.76,12.82,-12.89,3.58,-44.48,5.22,19.82,14.75,10.29,7.98,4.81,13.88,23.26,11.73,20.89,16.22,14.92,4.31,1.56,13.97,2.41,-1.85,18.77,20.62,9.39,18.87,15,-0.97,31.36,18.1,30.66,21.6,21.43,28.71,19.02
1311645,97.92,8.93,11.34,6.11,7.75,-0.97,-15.37,-5.09,-8.6,3.79,-21.6,-10.34,4.68,0.78,-8.84,-5.54,8.19,-16.78,-9.22,11.57,11,0.73,-5.13,4.73,11.13,-11.45,13.66,2.15,-1.59,-6.45,-0.93,-8.97,-0.41,3.99,-9.54,4.28,14.24
1311646,123.98,-47.35,4.51,9.09,-44.45,-27.38,-110.59,-31.01,-9.93,-14.45,-3.93,-7,15.5,-47.22,-38.48,-16.93,3.96,-39.41,-35.06,4.74,5.05,11.67,-6.3,-14.8,-18.44,-10.07,10.55,-13.72,2.37,15.95,-15.2,-22.52,5.49,-19.52,-5.24,-43.51,-28.08
1311647,62.25,-6.72,15.74,10.13,4.56,-4.51,-4.13,19.01,-1.92,6.72,1.86,17.03,9.86,28.7,15.87,30.82,15,17.81,9.94,-7.22,-0.97,-5.03,-8.86,2.61,-4.52,18.36,-4.33,9.99,-0.16,-5.12,0.55,7.27,12.36,21.45,18.15,5.05,15.72
1311648,150.74,-16.42,-7.57,-8.77,-11.37,-10.33,-27.67,-7.49,-13.42,-9.55,-15.14,-3.57,-10.59,-6.87,-20.28,-19.34,-18.54,-16.59,-17.11,-14.46,-13.35,-0.51,2.06,-31.34,-15.14,-24.12,-19.13,-10.12,-31.99,-15.45,-28.14,-13.63,-22.26,-33.34,-24.08,-9.37,-10.07
1311649,92.85,-32.23,-23.74,-32.13,-29.54,12.86,-31.46,3.31,-15.31,-6.6,9.99,-1.16,8.34,-14.79,-15.24,-21.14,-9.49,-21.71,-13.87,4.16,-6.32,-10.11,3.69,-11.71,-2.34,-6.67,-18.37,-16.81,-16.45,-12.09,-16.84,7.99,-8.36,-20.54,1.79,-4.17,14.99
1311650,92.6,8.07,19.21,-28.61,-38.8,-11.35,-18,-4.12,-49.76,-17.09,-27.64,-36.14,-7.44,-5.11,-14.01,-28.1,-6.59,10.75,-30.73,28.76,-21.66,-40.77,-0.92,-15.45,-27.05,-5.93,-27.13,-41.76,7.99,-24.31,10.16,-73.32,-32.67,-5.95,-35.75,-15.42,-16.4
1311651,37.35,6.38,-3.07,-19.38,-8.7,-8.48,-13.74,-2.4,-13.24,-1.71,-1.47,-22.17,-13.29,-4.34,5.02,-14.82,11.39,4,4.71,-0.7,0.64,-18.57,-3.76,-20.35,-9.05,-6.48,-8.88,2.38,6.65,-16.63,-13.29,-18.89,-13.16,-9.12,-17.36,3.78,0.19
1311652,50.14,12.21,22.27,15.91,-54.59,-52.76,11.68,6.98,2.66,4.16,-0.74,3.24,-0.37,7.14,-0.94,-10.8,15.06,5.55,2,14.75,13.51,16.9,4.54,14.49,9.97,-0.42,3.89,5.3,-0.62,11.9,-1.25,6.38,10.93,5.65,-0.17,11.31,15.26
1311653,84.69,3.95,7.81,1.45,-32.05,0.7,12.96,-8.78,-4.98,-28.37,2.96,5.95,-1.32,-28.14,2.88,-40.47,-13.76,12.87,-18.62,-14.57,5.61,8.14,-17.41,-6.73,-39.55,0.73,-5.77,-36.83,16.64,-21.43,-5.82,-32.85,-19.95,7.79,-7.35,15.81,-28.24
1311654,36.23,44.77,53.1,46.73,39.34,35.66,-44.21,-62.77,-23.37,-7.31,12.77,-14.4,-6.46,6.35,0.85,12.03,14.46,22.16,22.14,-7.18,-1.37,33.1,32.01,12.82,20.83,45.31,16.4,7.37,34.42,15.07,19.15,16.77,-11.29,3.02,-4.18,-8.13,-24.54
1311655,46,18.21,-18.06,11.56,31.31,20.7,1.89,9.42,18.76,-25.42,2.46,-2.06,5.36,-9.03,30.93,-1.62,13,-3.16,-6.12,21.82,0.01,9.58,12.14,15.81,11.39,-8.32,0.18,6.88,13.46,2.71,-5.25,7.81,8.7,-13.81,12.19,6.63,7.5
1311656,36.04,17.69,15.07,33.67,29.78,36.24,26.86,0.46,1.53,16.8,-4.02,22.09,19.9,25.46,6.94,14.48,1.99,1.14,16.49,5.37,29.21,10.7,11.41,28.66,6.09,20.92,5.36,1.78,8.53,20.25,1.16,1.98,11.43,0.88,8.66,16.36,19.82
1311657,-25.81,9.24,31.81,26.54,26.74,31.65,14.84,-16.77,32.51,13.48,24.03,36.37,47.54,34.02,22.86,15.88,19.69,22.03,26.83,60.71,28.26,11.47,24.44,18.2,27.53,-8.14,7.05,0.25,-8.08,-4.91,21.85,30.16,50.23,13.92,52.47,52.63,48.91
1311659,35.32,-18.8,-23.99,11.94,7.31,36.44,-32.32,0.58,14.37,9.99,14.28,-1.39,5.1,8.25,-8.12,14.53,2.87,0.56,4.7,2.42,11.17,35.86,12.8,5.54,21.24,12.96,11.8,24.32,2.79,-0.48,14.16,11.84,1.71,10.38,8.54,6.68,-2.04
1311660,75.74,11.34,4.17,-34.93,-10.12,11.74,-30.25,0.72,0.47,13.06,-6.58,-6.72,-11.49,4.75,-4.85,-8.85,-1.16,-0.17,1.42,16.86,8.9,11.86,3.84,5.19,0.33,5.38,-2.65,6.53,-15.91,7.61,9.18,-2.2,1.6,6.94,6.83,-1.17,4.72
1311661,47.34,34.32,68.71,0.88,46.31,18.21,9.72,-9.37,15.16,-18.23,13.75,21.23,-5.17,9.78,10.23,-22.77,0.51,-6.08,1.66,1.55,12.04,1.4,-2.46,6.56,2.36,-11.02,-0.55,-6.71,4.78,-3.53,0.49,-2.6,-7.38,-13.33,-15.71,11.75,-15.86
1311662,24.48,40.83,34,9.45,-21.7,-9.99,-24.73,5.91,15.34,39.81,10.79,25.82,24.25,-12.59,-20.78,-6.1,12.04,9.98,30.04,14.64,2.23,9.01,2.27,15.46,6.65,-10.46,-7.61,-8.25,6.89,-1.54,9.37,19.75,14.22,10.7,30.12,-5.03,11.06
1311663,17.24,36.38,35.98,-81.93,39.36,55.63,-43.59,-1.44,-14.68,22.09,8.6,-6.93,28.89,8.35,-25.79,-8.64,-20.1,-6.25,-23.24,1.37,6.26,20.24,-1.13,29.66,9.46,19.96,-4.25,58.47,40.05,23.18,44.23,39.97,27.44,42.36,34.19,15.93,46.45
1311664,79.88,-15.68,13.17,-23.56,-5.34,-10.85,-28.32,-9.31,-5.3,-4.22,-9.49,-8.98,-5.99,-10.2,-4.29,34.54,1.75,-1.38,1.19,7.75,5.41,7.68,-5.33,-1.28,-30.73,-4.62,-11.02,-2.08,17.33,-16.22,2.89,-13.7,8.01,-36.82,-3.04,-8.18,3.07
1311665,66.72,-5.07,36.09,-33.84,-0.07,19.08,23.55,3.94,-21.47,2.42,-13.21,-19.86,-0.05,-0.88,2.68,-6.89,-5.54,-9.77,-6.49,-25.89,-2.71,-22.65,4.27,1.66,-0.11,-2.36,-0.12,3.73,1.2,-7.44,-1.03,-19.98,-30.33,-8.03,-4.86,-11.96,7.95
1311666,78.55,-5.32,-17.42,13.73,-0.63,0.37,-20.59,-4.65,-10.57,-3.5,2.18,-6.72,-15.87,-5.41,1.16,-7.29,-3.24,2.47,-4.63,9.97,5.99,-9.99,3.32,9.66,-9.91,7.49,8.02,16.66,16.44,4.04,19.86,-2.05,3.18,-2.93,-7.19,-26.95,-3.88
1311667,87.98,11.36,-4.81,4.66,7.3,-7.5,4.07,-18.43,-4.99,-20.67,1.94,-1.75,1.58,-4.16,-11.95,-6.03,-9.61,-1.18,-1.98,-9.02,-0.02,-15.8,-6.51,-4.43,-2.27,-7.73,-5.25,1.75,9.96,-7.31,17.87,1.93,-6.54,3.55,11.24,4.55,-9.76
1311668,98.97,-8.21,5.17,-7.75,2.48,4.19,-0.02,-6.17,4.65,0.44,-2.82,-7.89,3.71,3.72,4.85,-1.05,-1.19,-0.62,-8.42,-1.86,-3.8,1.35,-9.41,-2.44,-0.06,2.54,6.08,12.38,-2.52,4.75,-0.38,-5.1,3.49,-6.02,-7.04,-4.26,-4.43
1311669,54.68,-19.64,31.96,50.57,5.63,19.72,-5.77,-5.05,2.19,8.5,14.98,7.51,10.79,-13.17,-9.26,1,-8.1,-7.48,6.83,5.04,8.65,-17.54,-1.43,10.28,18.27,-9.41,-5.99,1.46,-7.57,9.74,-10.89,-18.34,-7.04,-4.44,-10.21,5.79,2.98
1311670,64.65,3.14,8.68,-4.16,3.02,5.93,-3.77,5.54,9.92,-5.18,-4.19,-3.05,7.12,1.17,11.25,5.47,-2.61,6.62,9.05,5.68,5.24,9.94,13.9,7.83,14.7,5.76,1.38,4.6,7.02,5.69,7.01,4.49,-2.12,0.7,-2.41,3.86,0.66
1311671,100.72,-16.09,10.58,-16.65,-16.4,4.56,-40.28,-38.27,-18.45,-12.07,-27.64,-3.61,-53.22,-36.97,-19,1.42,-45.18,-37.77,0.88,0.89,-0.5,14.59,-16.5,29.13,-16.3,-12.9,-7.12,-35.32,-4.78,9.67,-33.28,-30.82,-1.82,28.74,7.64,10.45,-1.66
1311672,99.9,-6.25,6.18,-20.03,-0.2,-0.54,-3.01,12.31,3.05,7.05,-2.65,11.91,2.44,2.51,19.5,13.4,1.24,9.38,-3.91,-0.13,-2.12,4.01,-2.03,-9.32,-7.39,-6.48,-8.47,5.26,0.71,-6.63,-10.92,-3.42,7.09,-4.52,-6.88,-6.02,-6.52
1311673,47.71,8.9,2.48,-11.18,41,-17.15,1.55,0.68,-5.49,-1.24,-4.04,-4.33,-6.62,-1.16,-0.55,-2.42,3.15,0.84,-0.06,3.1,0.11,2.52,4.89,-3.8,-1.12,4.35,-2.03,8.09,-0.07,-1.4,0.9,1.83,1.91,2.24,5.83,2.69,9.5
1311674,48.68,-3.72,-11.87,14.09,1.66,-10.62,14.39,-17.72,-0.79,2.4,-16.86,-7.41,-25.79,-5.2,-15.25,-10.26,24.41,5.14,-0.94,-9.55,-1,-9.95,-12.14,-5.07,-18.55,-17.7,-9.15,-13.7,-5.18,-11.24,-22.72,-8.64,-10.19,14.22,0.4,-11.53,-28.42
1311675,91.82,11.59,1.32,4.93,0.02,-1.03,1.73,11,1.48,-2.63,6.84,-1.96,9.71,-11.38,3.53,0.16,3.95,4,-6.7,0.62,5.85,4.35,-1.42,1.26,0.31,7.67,0.51,4.83,2.24,-7.58,2.02,5.48,-2.8,3.45,-5.48,0.82,2.32
1311676,100.55,6.62,-5.79,21.27,-17.3,37.46,14.88,11.42,-32.14,7.47,9.81,17.23,-1.42,-5.41,-13.68,0.9,-25.46,-48.63,-25.53,-14.86,-38.29,4.53,-2.99,10.87,-2.26,-5,-26.63,-39.22,-24.46,-18.81,-17.11,12.97,16.47,17.17,5.78,20.73,33.4
1311677,78.71,-2.89,-19.4,4.7,0.79,11.44,-3.15,6.87,9.78,-4.04,-4.34,-11.35,7.19,-11.45,-7.56,-14.29,-16.76,-1.79,2.75,-6.39,-7.99,-16.21,-5.42,-4.26,8,-5.39,16.84,9.54,3.76,-3.25,10.16,4.87,-8.05,6.96,-5.43,-5.68,-5.94
1311678,85.24,-17.99,11.88,-19.64,5.29,8.2,-19.04,4.94,-2.57,25.52,-1.15,5.33,-35.99,-32.29,-9.85,-13.29,8.33,10.6,-26.81,-22.17,3.74,3.63,-9.79,-1.61,21.87,-2.5,4.93,-39.87,-5.43,21.57,-15.63,-5.59,17.45,7.71,-10.26,18.71,8.9
1311679,72.28,16.44,-28.68,-14.14,16.52,2.65,-14.76,-35.35,-3.59,10.18,-3.22,-5.38,1.16,-5.54,5.74,-6.72,17.04,6.79,2,12.82,0,-1.89,16.11,0.43,6.32,6.17,15.81,8.84,21.46,10.21,14.92,-2.94,7.78,-5.23,12.65,-10.22,2.6
1311680,103.95,-29.75,-11.93,16.97,-4.04,-15.3,4.79,-12.37,0.86,-28.95,-13.43,-33.59,-42.5,-2.51,0.21,2.72,-1.27,-34.05,-23.82,0.66,5.43,-3.98,-14.08,-17.06,-19,3.24,-17.88,10.09,-15.84,3.56,-10.75,-5.76,-7.73,-13.28,-19.06,-12.39,-11.44
1311681,64.02,-0.64,-19.11,-16.24,10.48,28.04,10.72,-0.58,22.95,7.69,-15.55,4.58,-3.96,-10.24,-53.45,-13.52,-25.14,3.96,5.8,5.23,4.7,-0.88,-16.89,16.93,14.41,-16.71,-13.29,-4.96,-17.15,-17.01,-11.89,12.95,3.08,3.57,-10.85,10,-45.8
1311682,114.17,18.73,6.83,-11.39,14.78,16.02,13.63,-9.91,16.63,-11.48,11.29,-2.77,-5.14,-20.4,-14.4,-10.69,-22.3,-28.18,-17.02,-8.12,-4.8,-32.96,-3.61,-17.23,-5.43,-6.29,3.7,2.75,1.37,10.65,3.58,-22.77,-19.27,-16.75,-2.52,-12.15,-11.56
1311683,41.17,-29.81,-47.62,3.31,-25.52,-40.12,-53.2,-3.16,0.95,-6.37,-1.56,-2.19,4.38,6.3,-25.49,3.5,12.85,6.94,1.83,3.79,15.13,27.76,1.55,7.61,23.26,12.09,3.15,10.06,-0.44,-0.42,-3.36,8.75,-10.42,2.22,-5.07,0.79,-2.79
1311684,39.79,112.77,-28.03,38.99,59.36,71.91,-15.11,-42.78,18.09,3.78,-1.63,8.2,-18.35,-2.58,-35.39,-30.03,-20.43,-23.42,-14.96,22.67,-36.03,-22.09,-21.87,-24.5,-1.75,9.41,6.64,9.43,15.28,7.1,-2.59,-11.97,-41.84,25.56,-21.97,0.61,7.78
1311686,48.7,12.06,-0.64,3.71,13.8,11.57,-0.65,5.34,-1.39,6.25,2.26,3.8,4.55,-1.66,-0.03,5.73,-2.77,4.46,-1.24,3.17,1.01,23.22,-2.98,9,-3.57,-1.59,4.39,-2.83,-2.6,7.36,6.74,7.14,6.44,-3.99,7.4,-6.01,4.49
1311687,84.49,8.77,18.79,24.88,-19.87,27.72,22.67,-7.29,-42.04,-10.48,15.31,6.26,2.78,-12.5,14.25,-43.75,-2.01,18.9,2.51,3.79,-21.64,-7.42,-32.48,12.84,14.4,-36.38,-28.1,-16.66,-17.81,-9.85,-28.41,25.09,4.43,6.16,2.9,-4.74,12.56
1311688,82.42,-38.61,4.99,-68.79,3.42,58.8,-129.78,-16.61,23.14,42.13,-4.86,-12.37,-6.49,-21.56,13.6,8.31,-26.07,13.89,62.38,4.81,-1.8,-0.15,27,-5.66,-23.58,-3.83,27.94,31.68,-3.31,4.13,22.7,-22.9,-43.41,-19.19,5.68,-2.81,-36.57
1311689,34.02,-5.38,12.8,-15.4,4.59,1.65,-23.28,6.18,-3.89,4.47,1.39,29.11,-15.12,-8.12,6.7,4.41,4.27,-18.06,4.38,-0.69,4.76,-4.02,-3.14,4.99,-0.57,-4.67,7.03,17.88,-5.93,4.62,3.02,6.09,8.14,2.6,-6.1,21.73,6.6
1311690,105.75,-1.94,-7.22,3.11,-3.44,-2.27,-11.73,-1.81,0.48,5.55,-3.77,-3.35,-0.03,-4.16,-1.58,-0.57,-11.68,-0.53,-3.64,3.85,-12.17,-1.39,-1.91,2.13,-1.4,2.45,-1.86,-3.31,-0.08,-0.79,10.49,3.32,-1.88,-7.01,0.82,-1.06,-6.73
1311691,55.16,8.11,58.78,8.56,20.52,23.48,3.67,-5.66,14.09,-5.62,-6.38,-1.36,-1.73,-0.44,7.16,-24.41,-9.08,13.58,8.11,-6.43,18.67,1.43,3.03,-15.64,5.17,-11.99,-14.75,-15.85,-8.99,-4.35,-20.98,-3.94,5.13,33.3,-6.34,7.88,17.01
1311692,119.68,-61.53,-20.5,-31.17,-16.77,-5.13,16.22,0.18,-7.04,21.63,-10.27,-14.85,-11.21,-36.64,-19.54,-11.79,-57.34,-5.73,-27.87,-11.03,-15.26,-29.53,-54.58,-0.28,-18.82,-19.19,-12.51,8.55,-10.6,3.5,-9.41,16.62,7.52,-1.97,-19.12,-11.71,-5.11
1311693,115.39,2.86,-12.36,-1.44,-12.61,-9.48,-22.52,4.56,-6.32,-5.58,-5.85,-9.56,-2.5,0.64,7.77,-8.7,-3.02,-4.18,-7.53,-5.31,-1.82,-6.35,-8.64,-7.44,-12.16,-3.6,-3.92,-6.11,-4.99,-9.54,-11.16,0.22,-9.53,-10.05,-1.93,-11.92,1.03
1311694,52.89,7.04,5.09,24.62,-4.46,-9.15,5.5,7.57,4.29,24.46,-2.63,6.63,13.73,10.73,1.7,17.17,15.69,12.77,11.68,16.05,-0.22,5.12,18.42,13.45,12.17,3.73,14.61,-7.95,15.73,8.76,0.15,-13.61,10.51,11.43,0.19,3.79,16.21
1311695,127.95,-2.52,0.03,-11.33,-19.61,-8.05,-3.57,-8.06,-13.97,-14.61,-13.82,-13.47,-16.66,-24.42,-22.49,-5.91,-18.15,-16.96,-34.75,-16.31,-10.63,-14.37,-18.97,-17.79,-33.63,-3.45,-13.44,-27.3,7.72,-8.85,-23.43,-18.77,3.14,-20.86,-6.86,-11.39,-14.78
1311696,72.88,-2.9,1.69,-9.44,-0.77,1.43,-62.28,-6.63,-15.33,6.71,2.36,-1.93,11.35,0.59,0.31,13.26,2.01,-1.26,8.03,3.01,-14.07,4.69,8.55,4.31,9.44,-7.44,-8.84,-8.15,-4.73,-12.54,-27.87,-16.07,-0.54,-5.69,-1.17,-10,-2.83
1311697,57.95,-50.31,-54.33,0.99,-41.57,-23.37,-34.54,3.06,-1.09,5.09,-13.99,2.1,16.9,-5.49,12.9,1.03,-5.59,-10.07,-1.22,-21.14,1.2,-13.94,-10.14,7.79,-3.54,-6.13,-3.75,1.06,-15.86,-14.27,-22.02,1.45,-3.86,-1.74,-12.1,11.63,-6.17
1311698,27.98,-18.73,-9.46,27.9,-8.23,8.9,-32.01,-12.17,1.85,-5.17,-8.67,7.85,22.01,-8.98,-5.51,-17.53,-19.03,-1.24,-11.01,12,6.69,13.88,11.24,13.99,2.56,0.81,12.73,15.58,-19.16,1.16,-11.32,-10.23,32.31,4.39,7.85,15.3,-6.11
1311699,-4.4,43.3,27.47,9.66,39.66,59.58,8.98,31.69,8.77,21.1,9.09,23.62,11.79,3.65,17.22,7.81,25.18,17.95,17.38,7.73,2.78,25.6,26.42,41.35,34.14,31.78,15.7,-1.89,11.97,20.97,19.81,22.28,35.45,44.36,25.25,33.2,26.1
1311700,39.77,11.75,61.8,49.05,7.47,31.84,5.46,1.83,14.51,1.83,9.89,-7.48,-17.18,8.93,-7.02,14.61,-6.95,5.67,-1.42,-1.86,-1.52,6.79,-8.59,-21.2,-21.39,24.13,-17.87,4.86,-8.6,5.16,-0.3,6.92,0.09,0.18,-6.54,-10.79,-4.22
1311701,18.97,-6.95,-12.74,-11.92,-10.58,-19.98,-13.35,-6.58,-4.8,-3.5,-17.96,1.64,-3.56,-11.04,5.13,-12.12,-6.69,-3.36,-5.17,-4.59,11.28,-4.2,8.81,4.33,-4.98,-3.12,5.5,-10.32,-4.95,-7.99,-2.43,1.32,-10.29,-12.58,-1.84,7.67,-0.12
1311703,59.58,-28.62,-19.53,11.02,4.91,35.29,5.43,-24.29,-7.06,-4.86,32.29,-6.74,36.13,56.52,-19.73,-40.63,5.81,-10.97,-23.69,24.64,21.24,-1.49,40.01,8.94,11.2,-10.3,-34.52,-29.28,3.38,-29.03,8.22,15.59,-17.96,-5.38,-1.57,-15.56,-20.76
1311704,16.54,6.05,18.22,8.94,14.51,14.35,11.89,15.71,13.65,11.22,24.72,12.63,8.63,17.06,8.21,15.9,24.75,6.06,2.97,-1.1,1.34,0.39,9.34,13.65,-5.49,4.65,-0.6,0.89,8.05,-7.27,-0.26,-3.77,1.11,0.15,7.66,-1.09,13.98
1311705,59.29,18.96,22.23,18.58,10.26,12.47,12.05,4.96,13.67,6.3,7.65,5.4,-0.92,12.95,5.26,12.12,15.94,11.61,1.13,15.48,4.86,3.69,1.23,19.72,2.07,-5.81,-5.24,4.57,-1.6,-8.2,-4.13,18.83,16.42,5.06,19.23,18.81,23.13
1311706,141.99,-42.2,16.27,-37.62,-48.25,-58.23,-21.16,-4.16,-21.05,-23.18,3.4,-18.84,-19.12,-12.96,-17.2,-15.53,-28.65,1.29,-26.07,-20.04,2.47,-36.3,-25.61,-37.59,-30.52,-66.79,-25.44,-21.96,-8.25,-26.65,-18.43,-14.08,-38.88,14.07,-33.24,-0.97,-16.74
1311707,74.72,3.65,5.47,5.38,5.86,6.2,14.61,6.57,5.75,5.22,8.93,-1.64,7.48,6.52,1.32,1.28,2.76,1.68,7.97,6.03,1.18,4.17,1.06,-2.9,1.38,-0.69,8.36,3.89,0.08,4.14,1.52,3.85,4.18,2.8,-0.45,3.33,4.45
1311708,45.61,28.47,-7.75,7.02,1.51,10.69,-29.66,13.37,30.51,12.94,3.62,36.18,1.24,29.2,37.13,46.71,37.56,26.84,7.66,40.14,20.72,24.76,-12.81,30.06,27.7,-3.66,-2.64,15.95,-36.22,-3.55,-1.37,13.73,23.56,-29.54,5.74,-18.3,-26.68
1311710,11.36,26.26,13.56,26.69,13.16,42.41,16.59,1.79,4.17,13.82,10.07,13.6,4.91,26.81,11.75,8.54,23.93,32.35,13.85,14.94,19.94,23.23,28.61,23.69,35.91,13.81,32.28,5.93,23.61,21.36,21.63,15.09,9.9,9.12,34.45,40.07,27.19
1311711,57.94,0.77,18.83,8.97,10.96,14.81,-7.77,1.39,-0.7,3.41,2.38,-1.37,5.59,10.29,-5.31,24.47,-1.42,0.43,10.64,11.52,7.24,-10.98,-3.57,21.97,-10.23,-2.83,-0.12,-17.63,-3.72,1.11,-7.64,19.26,14.78,4.32,20.2,-10.27,12.45
1311712,20.31,21.3,36.95,16.23,7.13,20.18,9.82,39.2,35.39,25.94,44.05,21.17,39.83,0.47,15.72,42.51,-13.62,-4.55,13.91,10.53,14.81,8.79,18.63,18.97,-4.73,18.96,8.06,-17.82,1.07,17.43,24.97,51.29,0.04,24.75,-0.35,3.47,24.01
1311713,58.37,-24.65,18.33,-6.33,-18.01,-13.38,-30.42,-5.81,16.6,0.27,-1.59,-5.57,8.59,-7.15,-17.91,6.45,-11.57,-12.74,-5.52,-17.65,-1.64,-12.52,-24.49,7.2,-5.82,8.04,-14.64,-15.18,15.74,-13.91,-8.93,-15.37,10.48,-23.85,-33.21,-6.85,-8.45
1311714,-4.18,17.34,69.78,12.22,-3.8,3.67,-16.67,15.04,8.44,14.6,21.2,31.11,-2.7,22.03,0.9,-7.78,12.27,31.45,4.03,-14.52,16.56,13.57,0.12,-11.26,9.62,-1.18,-10.87,10.61,3.7,-4.84,-7.16,-4.8,22.8,-18.01,5.51,13.77,-7.74
1311715,89.87,5.98,1.58,9.13,4.31,9.01,2.57,0.29,0.78,10.57,8.19,7.49,0.19,-0.17,2.37,-3,0.95,7.43,3.59,0.76,-1.83,-3.63,-0.93,-8.42,0.77,1.21,6.14,6.41,1.35,-1.31,3,-0.86,-0.96,3.86,-0.46,-5.36,-2.33
1311716,100.02,-0.01,0,-0.01,-0.01,0,0,0,0,0,0,0,0,0,0,0,0,-0.01,0,0,0,0,0,0,0,0,0,-0.01,0,0,0,0,-0.01,0,-0.01,0,-0.01
1311717,91.66,-1.49,-22.05,-0.97,-4.39,8.33,0.85,-9.56,0.12,-3.57,-11.23,-1.4,2.19,-4.33,-3.98,5.53,6.58,-6.15,6.34,5.94,-8.3,6.01,0.38,15.47,0.57,-18.03,-8.68,-9.02,-9.84,-6.59,-12.03,-3.2,-22.65,-3.1,-6.55,4.78,0.32
1311718,34.61,-36.91,-17.32,-18.69,-19.68,9.46,-28.57,-3.3,6.11,3.36,9.21,-0.47,4.67,-1.64,-4.09,15.65,-5.28,9.47,9.48,-1.26,2.21,3.15,16.01,6.83,6.36,9.94,-3.72,-4.24,8.59,-5.82,-10.55,16.14,11.41,14.04,6.66,11.4,7.39
1311719,72.96,-2.34,9.67,12.71,9.42,-13.53,-3.08,16.32,3.32,-0.51,7.98,3.01,4.33,4.03,3.44,0.46,5.19,-1.3,1.19,0.05,10.64,0.35,-0.96,-1.24,-0.96,2.76,-6.34,3.73,6.29,-6.01,5.02,3.74,9.1,14.33,1.24,12.57,5.79
1311720,-66.66,35.16,47.53,1.1,52.46,60.1,62.46,7.27,63.19,24.75,82.95,21.43,100.43,3.1,-81.23,38.06,6.84,18.96,-10.31,73.64,3.86,-0.8,35.86,38.08,27.02,23.5,-0.69,37.23,-20.86,44.99,-13.94,70.36,78.89,57.02,105.72,18.16,24.71
1311721,116.41,-19.26,-36.45,-7.63,-10.81,19.3,-27.29,-1.93,-50.26,-15.93,-5.39,-10.53,-6.04,-27.57,-17.93,-8.07,-8.48,-0.07,-30.42,-12.49,-4.24,-6.29,-7.08,-0.31,-25.43,4.69,-0.09,21.76,-3.66,2.22,1.1,23.2,3.33,-38.44,-4.43,11.7,-10.62
1311722,112.11,-13.56,-29.7,2.63,7.79,-0.94,-25.69,-22.05,-12.81,-15.81,-13.12,-9.31,-19.71,-31.12,-37.48,-17.76,-20.13,-45.18,-49.8,-21.46,-6.44,-20.79,-22.71,-27.4,-35.87,-38.75,-3.41,25.03,-28.35,-20.37,-2.23,-24.41,-2.82,-7.67,-3.41,1.47,-13.07
1311723,46.18,-0.84,-10.32,40.52,-2.61,31.15,-40.31,-27.33,-2.06,-2.93,2.24,-15.63,-21.27,0.49,15.42,-31.71,0.09,-1.86,-18.04,-22.21,15.81,6.45,17.84,-2.38,24.12,-8.76,13.24,16.51,-6.24,-7.36,-4.74,10.94,13.76,6.8,-2.08,18.99,-10.94
1311724,99.31,16.2,-48.58,-39.18,-2.15,6.86,-14.09,-36.57,4.58,-23.35,-4.03,-8.84,-9.75,-5.53,4.55,20.49,-39.98,33.39,24.23,-8.22,-33.52,-25.45,-27.36,1.11,-35.12,30.92,-22.35,1.03,25.54,-9.16,-14.81,-34.86,-22.52,-27.18,-19.13,-33.45,-20.45
1311725,80.63,3.62,-2.64,11.51,8.68,-9.15,3.31,15.98,10.95,15.28,13.68,-7.3,-1.88,-2.05,0.32,-1.73,6.78,-4.82,4.58,-1,4.46,6.29,17.14,-1.31,0.19,1.48,8.22,6.32,-5.91,5.36,1.72,0,3.13,10.53,10.67,-4.29,3.74
1311726,32.89,11.75,24.83,9.69,18.79,26.26,24.8,7.3,13.12,12.37,27.15,9.8,14.75,8.77,-4.82,18.59,13.64,10.53,26.56,22.4,6.07,8.23,20.6,16.43,13.74,3.63,20.15,7.78,4.97,18.7,11.6,33.04,20.61,31.34,23.64,22.56,15.7
1311727,60.71,10.33,-2.53,8.61,20.75,-9.05,8.32,15.48,15.86,5.17,2.47,2.93,23.86,10.45,4.46,21.42,21.3,12.34,19.26,0.06,6.26,-3.15,17.69,13.29,11.59,-0.91,12.55,-2.66,-12.23,4.88,-16.14,5.11,-7.9,2.03,1.05,16,4.7
1311728,-7.95,-31.02,-15.58,31.32,-12.37,-20.4,1.15,5.98,20.71,15.6,1.32,10.4,13.89,19.55,23.89,20.96,8.84,-3.21,18.45,6.5,17.91,12.13,12.93,2.07,13.41,-6.3,3.65,16.63,-9.24,-13.2,1.24,13.29,8.91,3.89,10.84,11.05,1.74
1311729,95.21,-9.76,3.4,-4.89,-21.12,-20.01,-7.2,-3.98,-22.7,1.01,-5.69,-4.19,-13.52,-12.98,-31.49,6.32,-29.16,-25.45,-10.16,-13.79,-21.04,-24.5,-24.58,-26.44,-7.91,-10.12,-33.3,-2.83,-9.78,8.91,-10.41,-18.98,-15.67,-29.2,-21.18,-33.69,-27.49
1311732,50.01,0,0,0,0,0,-0.01,0,-0.01,0,0,0,-0.01,0,0,0,0,0,-0.01,0,0.01,0,0,0,0,0,0,0.01,0,0,0.01,0,0,0,0,0,-0.01
1311733,100.41,-17.89,-6.28,-10.97,-11.47,-32.62,1.49,-11.54,3.81,8.89,8.79,-8.75,1.76,-9.87,1.38,-27.96,-3.08,-22.8,-2.52,9.3,13.67,6.31,2.54,-4.59,-1.35,-25.72,-0.41,-1.26,-16.12,-27.22,-11,-11.25,-22.04,-14.47,-28.68,-18.78,-11.98
1311734,83.71,-21.85,12.44,-38.31,-10.92,-34.64,-46.91,-39.7,-18.03,-47.45,-19.88,-37.3,-29.47,-39.36,-16.73,-33.7,-35.36,-23.82,-11.73,16.86,2.35,2.18,10.88,18.68,3.14,-38.04,-24.09,-17.04,8.09,-24.76,-24.92,11.6,-7.67,-17.04,-17.34,-23.47,-28.01
1311736,-16.73,-17.75,1.31,-10.44,-28.57,-19.46,-26.75,20.24,22.08,18.5,26.87,12.21,3.36,8.75,46.13,45.8,36.02,48.45,37.17,-0.83,1.06,-21.63,12.3,-10.31,-12.86,13.49,0.21,24.11,-5.29,-5.11,-13.64,13.51,47.34,11.59,55.14,45.83,37.7
1311737,137.21,-103.39,-98.89,-86.21,-48.49,-55.27,-93.51,-30.56,-8.08,-6.88,-10.83,-11.26,-14.46,-0.36,-11.84,-15.43,-25.71,-23.4,-31.97,-31.58,-20.51,-16.66,-18.53,-15.81,-30.67,-51.75,-23.93,-20.06,-13.13,-16.92,-9.34,-32.71,-4.09,-10.87,-26.63,-11.82,-33.03
1311738,64.37,33.85,38.6,-45.95,34.66,45.88,-52.41,12.65,9.19,-3.52,4.99,-15.28,2.74,2.6,-1.77,6.28,10.35,7.65,-6,3.3,-0.35,-11.65,-9.15,-1.61,-2.17,12.56,-6.93,0.62,-11.81,-6.84,-2.59,-0.76,4.15,-5.39,6.58,-2.65,-12.76
1311743,0.02,-0.01,-0.01,-0.01,0,-0.01,0,0,0,0,0,0,0,0,0,-0.01,0,0,0,-0.01,-0.01,-0.01,-0.01,-0.01,-0.01,0,-0.01,0,-0.01,0,0,-0.01,0,0,-0.01,0,0
1311744,74.52,7.62,-11.49,-14.92,-17.14,-4.53,-3.95,-15.82,-4.66,-13.29,-22.09,6.39,1.19,13.42,-10.57,0.36,-19.51,4.74,6.92,-4.2,-9.26,-3.55,11.79,-0.49,21.66,-15.06,-5.06,22.53,-8.23,12.28,0.71,-2,10.76,-19.65,-2.28,8.75,-2.92
1311745,48.64,3.29,14.41,7.81,15.31,13.78,5.44,-5.05,-6.13,-19.86,-21.84,-13.71,-4.58,-7.41,21.3,16.65,18.74,3.21,18.48,26.19,26.4,-12.93,9.21,-10.31,3.08,-23.14,-9.79,-8.86,6.61,-0.79,19.17,1.51,31.62,-4.09,-10.79,-2.97,25.15
1311746,72.22,5.43,-42.86,-10.9,0.22,6.43,-0.74,-4.81,0.54,16.66,5.36,-49.46,7.04,-2.94,-18.74,-1.85,-13.1,-5.22,-2.9,-11.82,-18.6,-8.9,-3.21,-24.02,-9.33,-13.68,-14.67,0.34,-44.99,-10.68,-51.44,7.16,-27.41,-10.59,-5.1,-15.95,-21.14
1311747,47.43,-32.52,-47.42,-1,12.92,-7.4,-8.63,5.36,6.06,14.93,-7.53,8.66,-14.34,39.5,-12.21,19,9.06,-3.1,-4.13,19.78,-19.92,46.08,33.16,8.31,2.84,-30.74,-13.38,-20.9,11.09,-36.81,4.67,37.08,17.21,28.51,8.16,30.39,-17.96
1311748,45.39,9.03,-3.25,15.94,24.02,8.22,5.16,15.66,2.69,11.99,7.54,11.87,1.94,-0.88,-2.4,16.27,14.23,-4.01,-8.92,3.23,-16.34,1.11,11.02,10.19,10.91,-3.39,3.43,4.1,-0.4,23.16,13.46,3.63,28.35,3.56,-3.75,7.67,-6.15
1311750,37.74,53.2,20.55,-19.89,-8.83,19.22,-20.01,0.1,-0.11,9.39,-0.57,2.04,3.09,6.34,-4.03,-6.55,1.53,3.31,4.27,10.09,13.94,6.41,2.41,3.14,-3.31,1.75,-0.42,0.83,1.21,2.95,-0.73,5.99,0.46,5.67,6.91,-5.59,6.03
1311751,29.55,-8.5,22.23,3.76,-6.86,-9.69,-3.53,-2.76,-2.85,-4.2,-7.23,-3.47,-6.7,4.51,-10.4,-1.59,-8.8,-5.39,0.8,-1.54,-2.18,2.77,-1.48,-13.21,0.4,-3.94,-1.6,-13.53,-5.35,1.11,-4.44,-2.99,-9,3.07,-10.07,-8.62,-1.91
1311752,9.52,27.84,26.96,4.04,-11.35,-9.27,-9.3,-5.93,-0.71,5.97,2.96,0.96,1.75,6.11,7.44,7.61,4.13,-7.32,1.71,8.93,1.25,3.3,4.63,12.98,6.71,1.91,11.52,-1.62,0.57,11.43,2.02,6.24,2.93,-0.11,-1.84,-0.67,4.28
1311754,8.51,22.9,5.42,22,-7.02,31.56,18.76,-15.58,12.98,-7.95,16.35,13.19,13.99,13.43,34.36,20.6,9.64,39.09,22.79,7.97,5.86,1.56,20.02,10.45,1.62,19.75,11.3,11.5,19.29,10.55,14.79,15.04,3.36,-3.59,3.75,18.9,-3.03
1311755,-14.29,14.67,-2.24,7.71,29.07,32.4,-20.01,-12.26,14.45,34.58,33.72,26.53,0.64,-24.66,18.65,-9.1,17.25,-21.81,5.01,47.75,49.09,37.78,62.66,86.24,14.79,-0.32,-50.98,3.69,-26.94,38.42,-12.18,11,-1.3,2.5,-5.54,34.44,-33.62
1311757,87.62,44.69,-29.44,-49,-3.75,-19.95,-29.54,-21.62,-21.95,-25.14,-36.59,-45.09,-39.43,10.29,2.05,-3.76,-9.94,-5.06,-24.53,-25.63,-35.1,-17.99,-5.61,-24.01,-0.21,-33.16,8.05,-32.76,3.98,-11.68,-33.9,-24.25,-1.21,-13.3,13.16,-2.44,1.3
1311759,68.77,40.75,-52.78,4.32,-40.4,-56.76,-46.38,-0.34,-4.7,-24.09,1.81,-12.35,25.5,-4,10.37,11.72,3.84,-0.85,-3.61,-4.26,-20.42,-8.79,2.94,-9.76,-19.67,-15.39,15.83,9.65,-3.04,-7.76,-1.96,20.3,-24.04,14.64,5.25,5.81,1.72
1311760,67.73,-25.72,-12.63,-11.27,-9.73,-20,-45.45,25.58,14.25,18.6,35.81,10.53,5.4,-13.41,-2.83,-32.19,-14.6,-51.2,-6.82,14.89,12.48,11.13,46.35,22.82,21.35,-6.27,0.84,-29.3,-25.91,-27.93,-25.86,6.41,25.13,10.71,20.3,-6.08,-0.93
1311761,10.43,-12.17,-16.02,20.39,-0.03,10.56,-8.42,-1.6,2.11,21.8,14.91,12.97,6.38,-8.93,-2.82,1.56,1.94,-3.24,6.3,-1.56,1.37,2.15,-19.22,-8.24,5.62,0.68,9.03,17.48,6.22,19.02,9.92,6.29,16.04,11.17,17.31,3.99,-7.25
1311762,-14.54,9.23,-10.46,-4.17,26.86,36.03,-5.43,9.07,11.09,-10.81,8.43,9.95,0.72,22.78,9.25,14.48,17.52,3.09,6.56,7.59,-3.94,-7.55,3.05,13.12,-9.33,1.31,11.5,-1.63,14.68,7.31,9.62,13.78,-9.91,-1.57,7.63,-6.25,0.64
1311763,123.58,-43.97,-35.94,-37.87,-30.07,-37.13,-31.19,-41.76,-33.46,1.49,-24.52,-21.01,-24.6,13,-11.02,15.26,11.5,-45.66,-27,-29.35,10.3,1.08,12.34,-18.9,-41.07,47.64,25.82,9.02,30.83,-0.51,4.35,-32.14,-21.2,-75.92,-6.52,-43.08,-39.69
1311764,30.77,-0.7,13.93,3.87,23.61,-2,4.6,24.61,9.07,3.22,9.3,2.63,6.81,24.99,0.19,4.18,-3.3,38.6,1.29,-0.95,3.61,-12.08,-1.28,8.46,13.91,25.6,20.62,-9.81,-15.01,-3.16,-31.24,6.22,18.96,7.17,-0.01,-3.46,2.4
1311765,41.96,8.84,5.56,-12.93,-5.81,7.47,6.39,-7.24,-13.73,-4.38,8.63,-4.36,-15.25,1.04,-11.25,-12.04,10.02,5.26,-4.22,-25.17,-27.74,-19.47,-9.43,-24.06,-32.65,2.75,2.3,-11.34,2.74,7.39,4.96,-9.16,12.14,-5.02,5.3,10.84,-3.14
1311766,110.83,-16.51,-21.1,-72.21,15.82,-14.19,-23.62,-1.14,-9.26,3.32,-8.12,0.7,-12.26,-17.83,-1.1,6.8,-0.82,-7.69,-14.55,-13.91,-11.26,-2.67,-26.17,-5.78,-22.6,-16.32,-3.2,14.3,-31.22,-34.08,-10.51,-8.88,-6.93,-23.33,-18.42,-29.74,-16.39
1311768,-31.23,-6.22,-27.49,64.32,33.87,58.84,42.63,16.73,5.28,25.73,40.44,15.94,25.2,30.23,22.56,7.74,6.14,22.25,6.54,22.12,5.3,8.2,29.18,6.72,16.43,29.09,25.87,48.31,16.81,21.91,9.68,10.44,-6.1,12.08,24.16,16.02,21.97
1311769,108.66,-9.94,-40.02,-31.96,-10.16,-6.87,-23.24,-17.49,-24.36,9.28,25.44,3.96,-20.45,-18.3,-9.23,-22.85,-26.27,-2.5,11.14,-8.07,-9.22,-1.69,18.76,-3.55,10.74,-25.26,-44.87,-36.04,-12.65,1.78,-4.72,-12.59,-12.28,17.24,-12.4,-3.64,12.54
1311772,81.9,22.85,-6.77,-5.05,-22.32,-32.24,15.73,-19.16,-8.01,9.21,-4.52,12.18,-26.14,-9.33,5.13,8.78,0.53,-51.24,-10.77,-42.71,-23.68,-37.34,-26.46,-27.89,-34.57,-25.83,-6.69,-18.69,4.64,-17.78,-36.83,-5.38,30.08,19.59,7.92,-3.83,-22.36
1311774,36.88,1.84,-24.85,-3.1,11.42,-2.31,-4.42,-10.15,6.56,11.43,31.7,-2.19,17.49,6.3,-3.23,-4.59,9.98,-3.78,15.3,2.94,7.85,8.14,15.37,29.36,14.35,-4.29,-17.32,-11.39,-0.98,-4.68,0.91,16.96,8.28,21.21,6.5,-2.15,20.11
1311775,9.54,-0.96,5.67,-24.6,36,23.8,6.82,8.79,11.53,-8.13,1.97,15.9,31.63,17.39,10.94,17.18,7.78,22.3,13.98,5.93,3.91,12.16,15.67,26.88,31.15,8.03,16.07,4.2,12.17,-9.79,-1.29,-0.11,12.89,-7.88,33.67,14.03,9.83
1311776,63.2,-7.9,-33.15,-6.9,4.98,4.89,2.75,15.53,10.55,7.79,-11.84,-14.54,13.8,-3.95,-31.76,-10.16,-21.26,-21.11,9.37,29.02,-4.54,20.96,-11.96,13.71,31.86,24.9,41.17,39.16,16.39,49.22,35.11,-23.33,-21.8,-4.33,0.27,-32.25,-2.73
1311777,34.27,-0.15,-3.29,-27.57,22.41,6.24,3.08,-4.05,10.75,34.01,11.97,20.16,12.29,-35.63,24.32,-0.31,-4.57,-6.35,10.93,-1.58,1.92,6.14,34.83,28.15,14.28,7.18,5.98,10.21,-23.55,-15.37,20.73,42.13,18.63,5.26,19.6,23.05,4.46
1311778,0.02,0,0,-0.01,0,-0.01,-0.01,0,0,0,0,-0.01,0,0,0,0,-0.01,0,0,0,0,-0.01,-0.01,-0.01,0,-0.01,0,-0.01,0,-0.01,-0.01,0,0,0,0,0.01,0.01
1311779,99.74,-0.3,-10.79,-22.1,13.13,-9.05,6.72,38.84,-12.9,-37.4,-14.84,-42.8,-20.58,-18.43,6.21,-21.09,-57.71,-33.25,-17.92,8.74,14.59,13.88,20.11,-15.09,27.99,-38,-18.14,-34.5,-29.05,-23.96,16.37,-69.41,26.97,-46.1,4.09,-2.65,17.54
1311780,46.46,50.75,19.99,11.64,9.44,16.28,-23.54,-5.9,3.95,-2.79,-12.15,-1.97,-13.02,-30.69,-21.27,-21.27,-13.29,-17.09,-7.67,9.81,10.88,-8.94,-0.1,6.32,13.85,-14.62,15.62,-5.1,-0.45,15.57,-12.06,-6.69,-2.56,6.31,-1.67,6.33,19.13
1311781,51,-25.43,-10.48,-11.47,-23.13,-10.15,-37.12,-10.62,-15.27,-20.79,-16.57,-11.09,-11.79,-0.77,18.3,-1.74,0.31,-1.47,10.42,-10.21,14.04,-6.09,3.35,22.2,-10.37,-13.98,3.19,3.97,-22.17,-3.42,21.74,3.7,18.99,21.68,-4.05,4.66,-0.31
1311782,35.53,12.46,-35.86,19.16,21.83,16.18,18.37,22.93,21.74,-8.05,33.5,19.04,1.2,14.69,-42.4,6.9,19.41,6.85,42.57,-5.02,-23.56,5.54,-8.91,-11.91,7.8,15.61,-9.22,-14.2,21.95,27.77,-2.8,4.35,-14.31,19.35,8.7,8.73,7.01
1311783,56.45,0.8,0.32,6.89,3.23,2.09,-0.85,2.85,-15.79,-10.49,-6.41,-23.21,-14.41,13.65,5.1,15.45,4.3,-11.3,5.04,-5.51,-0.76,10.63,5.56,0.19,-5.33,-1.48,-8.66,-16.12,-14.76,6.92,-16.09,-5.47,14.08,3.54,10.86,6.8,14.05
1311785,0.34,4.61,11.73,-0.69,15.84,0.59,12.35,27.41,12.79,2.99,12.82,-5.95,28.74,14.15,21.41,16.99,-3.69,-2.15,3.5,23.39,8.02,11.19,28.25,6.17,10.68,6.06,1.58,0.6,2.09,17,1.38,37.16,10.31,21.17,20.02,13.72,21.16
1311786,40.03,-15.89,-4.06,1.75,-7.04,1.24,1.8,14.07,-9.54,-7.08,-10.07,3.26,-2.58,-12.28,0.15,-2.03,4.52,-6.83,12.96,-6.7,7.7,-16.24,-16.39,-3.05,-23.15,-7.34,-13.37,-3.71,-23.21,-5.64,-14.42,5.8,-7.12,7.22,-8.75,2.2,-14.6
1311787,-13.79,20.8,4.49,10.47,35.44,13.28,-10.59,4.03,20.18,43.77,38.65,29.41,52.04,20.25,36.02,2.62,51.3,0.42,25.9,-7.39,11.84,18.48,12.68,9.76,-0.88,-2.7,-0.53,32.88,31.19,34.44,24.65,25.86,20.9,58.05,53.09,2.73,23.91
1311788,35.86,30.2,1.9,4.21,3.98,7.72,11.43,-11.36,-15.97,-3.13,-3.05,-7.4,-1.54,-6.57,-0.6,4.24,5.97,-4.62,-8.82,-2.9,13.11,9.44,14.01,4.39,8.91,7.75,-14.28,5.28,-16.66,9.88,-11.77,-14.28,-9.87,-11.6,-18.69,1.92,-10.59
1311789,75,-15.34,19.28,2.75,-17.48,-13.01,2.68,-17.51,-17.06,-7.3,-6.28,2.72,-2.04,-13,-4.96,11.08,-7.28,-6.31,-0.98,-16.61,-17.21,-4.81,2.93,-16.01,-6.18,1.24,-15.73,13.64,-8.19,-5.85,-15.8,-10.18,-32.89,-25.87,-27.48,-1.38,-19.18
1311790,104.93,-1.39,8.54,-1.7,-6.88,-24.13,-19.06,-11.13,2.74,-21.71,-21.2,-12.82,-15.16,-17.99,-2.27,-13.06,11.17,-8.06,-15.86,-4.83,10.27,3.36,5.04,-15.15,-1.39,-5.17,-1.33,-4.2,-10.99,-20.61,-18.24,-6.5,-2.86,-3.5,1.13,-7.54,-1.78
1311791,22.19,27.27,-40.02,-25.66,12.87,5.91,61.49,-4.25,9.7,-8.38,3.84,-8.74,0.03,8.28,13.49,37.88,8.42,13.23,17.14,-14.7,25.59,4.16,32.94,-3.59,5.81,13.47,-12.42,7.7,13.74,-6.8,-19,9.47,0.45,-20.71,-10.49,0.91,12.38
1311794,80.4,-5.96,-1.88,-12.53,-3.63,2.75,-6.19,-2.06,4.77,3.31,12.71,14.78,-1.27,-8.74,-8.85,7.49,-3.79,-9.29,-15.72,-12.8,9.26,5.51,-2.25,-15.39,-21.54,-13.75,-24.83,-15.79,-6.68,-12.33,-4.09,-19.42,-10.97,3.22,-12.13,-26.59,-20.34
1311796,48.03,12.32,-6.67,-2.51,-1.79,5.8,4.45,9.3,10.34,4.36,0.56,4.02,4.42,4.61,16.87,4.38,39.01,4.52,8.47,7.86,-0.96,4.53,9.77,12.94,12.77,-11.08,1.26,2.17,3.88,-5.31,3.53,14.27,10.61,4.88,7.84,8.62,6.72
1311797,30.27,-26.23,-16.47,-25.89,-21.82,-20.24,-14.4,-17.94,-19.75,-5.69,4.68,-5.44,10.37,-10.9,-13.31,-13.61,-1.97,-6.86,-5.4,5.3,12,-12.05,-8.16,-14.27,-10.75,-0.46,9.27,5.56,6.68,-17.5,15.62,-1.48,22.17,8.35,4.9,-9.75,1.5
1311798,64.96,7.32,-12.83,-6.86,-4.11,-7.45,16.82,-12.26,-5.34,-0.56,-2.47,-15.56,-14.51,-3.65,-6.68,10.83,-6.29,-2.94,-1.41,-20.44,-5.69,-3.91,-5.56,-29.51,-12.99,-5.05,-18.74,-9.56,-27.51,-23.58,-20.43,8.43,-18.49,12.31,-0.48,-17.1,-9.87
1311799,50.12,13.62,10.77,-1.87,17.81,-9.36,16.12,0.13,-18.91,19.89,-26.76,8.43,-4.63,-10.33,1.25,13.37,2.98,-5.22,17.47,18.03,15.85,6.76,40.85,-19.23,5.72,-14,30.01,10.51,-11.73,-36.76,-21.84,19.92,31.63,14.12,-14.2,-4.61,14.31
1311800,58.25,-2.92,-0.41,14.12,1.84,13.59,6.74,2.46,2.1,16.95,3.1,-6.04,12.05,2.11,6.03,8.93,1.73,4.82,-1.43,8.71,2.79,10.64,0.71,5.5,-3.07,2.13,10.07,13.46,1.55,-3.85,14.32,14.24,10.09,15.49,6.38,0.9,10.65
1311801,57.27,-13.43,-26.2,-27.17,-17.86,-26.85,-28.1,-13.95,-10.58,-8.14,-7.67,-5.36,-1.38,-18.78,-16.28,-22.85,-25.17,-14.66,-16.57,2.66,-6.63,-3.57,0.87,-2.96,-2.3,-27.43,-16.68,-22.62,-20.45,-18.24,-24.79,-7.51,-8.3,-4.16,-7.04,-5.42,-7.72
1311802,50.05,-1.44,-22.08,-31.43,32.74,9.34,-8.04,-12.84,38.45,-2.27,0.24,12.02,24.58,-16.79,-41.52,-29.5,-32.93,-29.18,-27.47,18.69,20.29,5.6,31.44,16.45,21.93,-4.11,-14.55,-17.3,23.02,-26.93,8.65,5.79,-33.53,-10.43,12.56,26.89,2.46
1311803,45.47,0.79,-26.04,2.83,13.16,22.75,2.13,9.74,8.59,17.68,15.48,9.64,5.88,4.82,18.38,1.42,16.15,17.1,5.37,4.99,10.39,12.01,4.86,10.07,3.75,7.53,22.33,4.27,27.43,19.64,14.3,5.66,-3.15,6.43,-8.18,13.45,-11.12
1311804,124.63,-25.48,-106.99,7.03,-58.75,-30.68,-57.78,-39.45,-2.39,-16.6,-23.16,45.77,6.37,-36.09,-5.95,8.59,-42.01,21.24,-39.18,-39.95,-5.4,-4.51,-13.59,30.48,-17.23,8.82,-36.94,49.47,11.38,24.07,-2.59,-45.34,-15.86,-56.01,-40.03,-16.05,0.77
1311805,52.21,-14.69,-5.35,-20.71,-5.18,0.58,-4.3,-8.11,5.33,-5.6,8.19,-6.21,-2.56,31.36,6.01,15.23,12.08,-8.11,12.86,2.16,18.17,-4.69,3.96,1.24,13.84,-9.78,-1.48,9.05,-3.22,4.47,-10.62,-0.11,6.21,0.36,10.24,-3.44,-15.56
1311806,21.38,-18.87,-10.66,-29.13,-11.56,11.38,-38.38,-2.31,29.46,-3.06,-7.14,8.64,13.88,5.14,22.39,-8.89,-11.78,-4.69,17.54,5,-19.94,1.94,-0.84,2.24,1.81,5.91,5.66,27.32,12.2,-29.08,25.96,15.35,20.54,12.36,16.68,36.78,5.91
1311808,27.2,-12.33,18.2,40.93,14.01,22.14,3.7,11.05,8.66,10.42,19.1,14.35,10.79,-8.08,0.73,-0.21,-0.08,11.58,-0.95,-2.16,-0.44,5.66,8.73,2.68,-7.8,-6.21,8.96,19.01,4.73,-4.17,-2.19,12.95,6.29,1.94,15.16,15.87,4.15
1311809,43.28,-26.01,39.41,7.98,-4.05,-38.32,-49.29,25.8,8.68,20.9,29.16,3.7,8.82,-12.57,11.23,1.56,27.87,19.9,9.26,10.04,3.56,4.28,36.51,8.37,-12.53,-11.28,-15.93,-1.99,-6.86,-14.39,-17.43,17.96,2.05,-10.18,28.23,26.09,16.27
1311811,46.9,-16.82,19.72,9.84,13.42,10.19,23.17,23.39,6.97,-0.69,10.21,9.15,17.2,-4.64,6.95,-13.88,-8.84,17.32,18.72,1.64,-25.48,-25.09,-12.39,-14.23,21.43,-26.61,-6.32,1.62,-8.86,-4.01,-24.53,6.87,-11.5,34.13,4.48,13.41,-2.47
1311812,66.35,-41.04,-9.14,-16.87,-29.34,-25.1,-42.58,-6.78,-0.86,-2.26,18.27,5.9,21.28,7.79,-29.6,-8.9,-30.52,-0.48,-7.64,3.09,9.37,4.91,19.29,5.73,0.13,4.84,-18.58,-12.87,-28.52,6.11,11.57,-5.35,-22.77,-5.97,-13.93,-25.98,-14.94
1311813,71.06,0.96,-1.27,-4.3,7.76,0.11,2.28,-1.51,2.66,3.26,4.18,1.89,-0.28,-13.04,-5.94,-2.18,-3.84,-0.73,-2.08,2.4,-0.08,2.35,-9.67,0.85,0.62,-9.74,-5.57,-7.79,-4.86,-3.41,-5.8,-7.75,-8.91,2.58,-8.09,-8.56,-1.57
1311814,48.53,-4.21,-25.1,33.44,-36.73,-37.7,34.14,-3.52,2.77,0.45,-0.59,-0.88,-4.36,-4.03,-6.88,-4.09,-2.72,-2.04,1.47,-2.31,6.45,3.4,4.34,-1.66,-0.37,-0.34,3.09,9.4,2.03,-2.32,6.75,-1.13,4.88,-1.19,5.28,9.56,1.66
1311815,41.18,0.34,34.91,-13.98,21.27,-12.12,-25.48,37.83,9.11,28.28,12.46,13.61,9.36,0.9,-7.5,-27.47,1.49,-1.28,5.37,25.05,9.2,17.65,13.92,18.08,0.74,1.49,-19,0.22,21.43,-15.4,2.77,19.86,-17.09,22.09,0.11,19.4,0.13
1311816,82.37,9.25,12.34,14.03,0.68,8.2,10.77,-4.96,10.19,-1.89,9.27,-1.49,-7.44,12.76,13.84,10.38,-0.42,11.62,8.81,-2.93,-2.47,10.25,4.21,2.34,-3.81,5.22,12.63,-0.24,5.48,-6.48,-3.12,-2.89,0.49,-2.95,-2.23,-14.55,0.24
1311817,85.97,11.54,-15.53,-6.72,10.66,9.32,-18.98,-3.9,6.19,7.31,-2.23,7.37,-4.71,-24.91,-16.32,-6.7,-18.31,-12.52,-6.68,-1.62,-4.47,3.75,0.88,5.45,-8.65,-9.87,1.53,5.81,-2.51,-13.56,-6.14,1.36,2.81,-6.88,-5.24,5.18,-4.3
1311818,41.3,-33.32,-31.57,-45.78,-34.07,-41.86,-38.49,8.55,6.18,11.94,1.54,-1.61,10.63,9.75,16.82,6.54,12.98,19.15,11.12,19.42,17.59,15.08,6.58,11.36,27.49,-5.33,4.2,1.62,3.07,2.11,2.56,3.15,12.04,-4.37,6.73,8.55,3.86
1311819,11.06,99.04,84.46,37.89,33.49,60.02,25.16,-20,-6.63,-11.94,21.42,5.26,-8.84,-14.24,15.61,22.41,3.82,5.31,-11.32,7.27,33.06,19.59,15.13,-24.11,8.48,27.45,12.87,12.78,14.56,-2.3,9.69,-9.61,-17.53,27.47,-30.88,23.11,-30.03
1311820,90.81,-18.54,-1.85,-1.92,-6.6,-30.66,-33.02,-2.04,19.36,-10.41,6.78,-15.37,-16.92,-4.4,-14.21,-15.01,0.37,3.65,-3.21,12.74,-19.16,-2.46,27.58,-29.42,0.21,-9.16,-24.57,-1.39,-20.99,-38.55,-18.44,-12.95,1.93,-35.39,-13.82,-26.48,-36.23
1311821,27.71,30.71,16.41,8.84,32.46,30.79,32.14,13.48,25.26,7.85,24.59,21.99,10.87,17.46,7.5,5.2,21.45,-0.98,-6.57,20.02,17.47,37.32,9.01,27.8,19.27,23.25,21.68,9.93,-3.48,21.32,9.47,5.84,1.32,5.01,2.85,21.24,14.3
1311822,65.03,8.37,17.92,10.26,12.03,17.11,11.86,6.3,1.6,10.43,5.04,4.25,-4.04,-3.35,10.13,2.51,9.66,3.4,2.65,1.27,4.81,13.44,9.39,5.51,6.16,8.28,10.81,14.32,11.04,7.82,12.57,7,9.48,10.39,7.93,14.34,13.49
1311823,29.65,15.06,9.56,17.35,-2.39,-0.17,15.54,6.61,2.42,20.16,-37.29,22.72,26.47,17.8,0.21,1.68,8.4,3.34,5.47,21.84,26.26,22.99,29.02,34.52,36.96,7.44,9.7,14.41,-4.65,-0.35,25.14,-2.88,23.4,7.09,29.07,4.66,27.7
1311824,-2.25,24.88,25.65,28.53,70.72,52.26,75.21,-17.26,17.47,0.63,34.53,10.86,24.24,-0.28,-0.92,13.05,8.02,-14.84,34.14,38.34,31.06,38.73,50.43,35.68,28.62,2.9,40.03,-10.17,15.3,-6.52,45.77,8.53,17.3,-14.49,9.78,7.49,-7.78
1311825,69.47,-7.55,-58.56,-16.55,8.55,26.57,-14.47,-15.53,-1.21,-17.12,-12,1.13,1.95,-8.25,1.2,-11.07,-2.29,1.88,-7.59,-2.75,9.6,-15.85,9.32,-7.87,-2.74,-9.19,4.19,1.31,-2.25,21.6,9.06,-1.99,-10.99,-2.64,-5.9,-4.97,-16.29
1311826,22.42,-17.87,-46.59,-17.87,-4.1,-13.5,-21.94,14.48,26.82,5.16,9.38,6.31,11.01,-16.5,-2.85,-31.74,9.3,4.04,0.95,-11.01,-13.31,-12.84,10.57,-1.22,-2.89,5.97,28.09,7.1,17.65,-13.92,33.51,-0.42,-16.2,31.47,13.05,8.71,-14.21
1311827,95.27,-9.73,35.64,15.41,3.89,27.78,7.14,-17.1,-16.21,-36.24,-9.43,-41.88,-28.02,-15.61,-8.12,16.55,-18.05,-0.51,-22.84,9.78,-23.21,9.41,4.43,7.3,29.06,-12.67,-9.54,-5.27,5.54,-5.94,-14.32,-4.58,5.13,26.36,0.62,10.53,2.41
1311828,49.12,-3.7,-13.6,-39.11,17.86,3.66,-17.82,0.86,-12.73,-19.19,3.88,-3.42,6.44,25.53,-16.27,4.9,9.05,-10.22,6.18,10.55,-6.21,-23.09,0.63,-16.68,12.26,17.5,11.1,5.62,-7.8,10.49,9.63,14.33,21.31,6.67,3,25.45,2.84
1311829,137.21,-49.85,-44.97,-47.57,2.28,0.85,-6.19,-30.54,-1.81,-3.19,-42.86,-49.69,-25.78,-30.55,-26.46,-9.93,-17.37,-34.61,-16.65,3.91,-27.85,-32.37,19.25,-20.21,-35.27,-14.92,-12.56,-11.95,-25.84,-26.98,-18.27,-16.84,-29.59,-26.09,-37.6,-7.1,-24.54
1311831,97.06,-23.05,-10.44,-39.66,-49.17,-40.47,-48.37,-12.21,-12.68,-5.34,5.64,-2.9,9.06,-0.44,-7.56,-4.75,-8.58,-1.59,3.18,-6.66,-2.01,-21.64,-1.04,-9.61,-3.25,0.07,-9.19,-8.98,3.42,8.88,0.74,-13.47,4.71,-3.31,2.69,5.05,0.18
1311832,59.17,-24.41,3.33,8.55,11.24,13.99,11.75,-5.97,-3.63,0.31,1.79,-10.68,5.31,21.79,9.52,5.6,15.48,9.66,16.45,-8.33,1.92,-14.45,-17.11,-19.55,-8.91,5.41,2.23,1.52,8.3,13.61,-0.83,-11.38,-3.92,-9.55,-7.65,-11.87,-19.73
1311833,59.94,31.3,32.39,37.26,48.5,-15.25,51.44,-15.71,-24.93,-11.72,-25.68,-7.42,-4.44,22.86,-14.62,15.36,-20.34,19.94,19.56,-23,-22.07,10.65,4.19,-38.47,5.87,28.77,12.77,42.12,-20.46,13.42,15.51,-35.76,-14.02,-8.4,-22.43,13.26,16.39
1311834,117.36,-24.39,-89.73,-76.9,-17.28,-2,-100.8,-19.99,16.29,-35.52,8.78,1.11,-15.92,-4.56,-4.91,-4.08,-7.83,-44.35,-20.3,7.32,3.1,-28.28,8.14,-20.1,6.11,-21.6,14.64,-5.14,-10.31,2.44,-28.91,-37.2,-6.97,-17.38,0.19,-25.33,-29.54
1311835,60.87,-24.52,-25.17,-5.11,-0.65,2.47,-26.19,3.66,4.7,-12.97,9.78,-22.52,23.13,-17.84,-1.4,-7.91,-6.06,25.24,6.58,21.76,29.58,-0.71,15.33,4.87,-1.4,-12.71,-0.46,23.32,-6.95,15.81,1.11,-9.63,1.69,-3.67,-3.18,8.97,7.19
1311836,71.99,-39.04,-3.14,-46.9,3.53,25.98,5.66,28.86,12.35,9.59,2.47,10.66,16.29,1.73,9.39,5.65,19.12,9.24,15.9,-17.44,-19.46,-7.85,8.55,-3.64,-9.72,12.3,-0.73,-0.65,0.85,7.99,6.77,-9.44,-12.81,-9.38,1.51,14.03,-0.48
1311837,2.67,-25.55,-33.68,15.28,65.81,-4.24,-15.4,18.87,-3.78,-6.05,15.51,12.1,1.73,-2.13,16.55,3.24,11.83,5.36,13.64,-5.72,6.6,-5.83,11.03,9.93,3.7,6.2,4.44,27.08,23.1,4.18,10.3,12.05,10.05,-11.01,7.17,-5.4,-4.09
1311838,64.71,-16.73,-11.61,12.69,9.54,-44.32,10.54,0.54,-3.87,-5.76,-7.53,-1.76,-0.89,-10.08,-7.14,-2.96,-6.71,2.05,-0.88,-6.92,-5.23,-2.58,-7.81,-10.02,-7.73,-10.78,-5.47,-4.65,-0.87,-5.32,-4.34,-0.17,-0.14,4.03,1.14,-0.7,-7.68
1311839,95.53,-37.84,1.3,-40.66,-40.65,-28.88,-0.43,-12.65,15.1,-5.96,-2.41,3.58,-129.19,17.32,3.12,-53.7,25.2,-52.21,26.73,-21.25,-55.99,-35.98,18.13,-18.47,5.18,32.87,-1.94,-52.37,12.64,7.9,68.73,-57.26,12.46,-26.23,-70.22,-34.43,-38.14
1311840,18.39,87.65,80.85,5.79,11.39,-9.6,3.73,-4.79,5.51,-7.09,-0.73,-18.32,-26.2,20.28,9.96,36.57,15.17,20.54,-21.35,12.71,32.03,0.71,-12.52,-18.88,2.65,-13.09,24.47,18.85,20.65,-6.08,0.29,8.94,19.91,-20.59,3.61,-6.93,-3.77
1311841,75.13,7.21,20.8,-6.95,5.37,5.86,-15.91,-0.58,11.58,-6.85,13.39,-14.13,-7.81,-24.94,-8.49,5.65,-5.42,2.36,36.06,-4.31,-8.62,-13.07,4.58,6,-11.5,11.14,-1.26,22.13,10.17,30.79,1.57,1.11,17.89,-11.13,-21.38,-18.63,-4.64
1311842,27.88,34.38,25.66,19.74,31.02,16.1,15.82,23.18,34.63,1.87,26.01,-3.38,0.16,-13.79,17.17,-12.26,-18.7,3.29,8.97,10.14,0.5,4.59,28.98,10.88,-8.02,27.79,2.01,-6,-7.13,1.98,-8.12,33.21,1.04,-1.45,-3.32,14.03,-5.55
1311843,40.95,-8.11,-39.01,-3.8,37.09,26.15,12.46,28.36,14.93,15.76,25.93,35.26,34.88,27.8,2.18,-23.33,13.45,9.87,12.27,6.9,-3.01,5.63,14.57,0.72,4.7,-78.68,-10.71,10.97,-10.63,-33.46,-11.93,-3.58,-14.9,-11.59,-8.96,-19.89,-18.55
1311845,13.82,14.84,44.28,13.73,-18.04,-7.66,-21.52,5.19,17.55,-10.24,16.16,-6.29,1.54,21.46,16.95,-0.37,13.69,3.1,13.54,-12.59,22.51,28.45,13,-9.98,26.38,7.79,9.11,12.75,13.87,11.33,3.63,12.72,14.93,-22.2,17.18,-4.28,-1.68
1311846,31.32,15.61,35.93,-17.22,5.42,-0.45,1.42,7.83,-12.05,-0.96,-6.89,-7.55,9.84,-0.74,12.92,-4.06,15.77,1.51,17.73,10.52,1.58,-3.87,7.52,5.32,1.76,4.94,-2.49,13.93,29.17,12.45,2.28,-7.84,6.87,9.47,12.82,13.46,6.97
1311847,82.02,11.15,10.8,15.82,3.73,11.3,0.3,-11.15,-0.54,-2.21,5.02,8.43,3.25,5.97,10.35,-0.65,3.96,1.84,1.32,1.33,15.38,12.86,2.66,0.94,-9.67,-4.01,7.34,-8.55,13.09,-3.01,4.11,-9.26,-1.7,4.67,1.69,-4.87,9.6
1311848,56.04,7.23,-1.05,7.09,2.13,7.2,13.37,18.87,5.94,5.17,11.6,13.67,2.87,5.97,13.48,17.68,11.62,-2,-2.4,9.68,6.68,12.3,3.13,18.97,-3.18,15.71,2.02,14.67,10.76,9.27,5.09,11.97,11.37,10.59,2.44,-2.63,-2.77
1311849,83.69,-10.26,2.04,-5.91,-12.09,-8.55,-19.52,6.71,11.9,8.87,10.47,12.18,13.51,-5.72,-18.5,-2.22,-9.23,-10.47,-4.17,14.83,-2.17,25.57,-3.52,12.69,11.19,-10.94,-23.17,-8.65,-3.16,-0.22,-31.87,-13.5,-10.03,-3.27,-1.87,1.16,6.67
1311850,69.66,10.21,-0.18,6.91,17.41,0.17,1.35,7.82,14.74,15.05,12.43,4.32,14.07,-3.9,-1.39,-12,-0.67,-1.89,16.21,-0.37,-3.54,11.8,0.72,5.07,7.03,0.3,-13.43,7.2,-7.46,4.56,3.11,4.14,7.9,10.51,12.35,0.23,8.18
1311851,82.36,3.1,-4.57,3.7,-5.17,4.39,-3.92,9.3,3.48,5.6,4.56,12.89,14.11,7.82,5.94,-4.8,9.1,3.35,2.88,18.16,10.32,5.41,13.07,9.49,3.16,2.58,-8.19,-10.81,-2.34,-8.45,3.79,-2,-3.84,3.58,-7.69,12.23,12.93
1311852,-3.39,36.88,11.87,31.97,31.07,32.14,23.34,17.8,13.2,25.67,24.43,16.65,24.83,24.27,48.81,26.87,26.82,31.79,20.08,9.44,19.31,9.43,30.07,25.68,7.67,15.71,30.62,3.83,20.73,-17.65,-0.46,24.75,19.73,14.61,8.12,28.32,-6.39
1311853,86.45,36.28,3.6,-71.68,-13.44,-40.22,43.04,-19.02,8.69,31.18,34.77,-28.99,4.88,-5.9,0.79,-23.05,-31.04,25.33,19.17,10.67,-35.4,23.65,15.97,-9.89,11.07,-5.14,-24.95,-13.68,13.66,5.13,10.34,-5.72,-16.11,-14.23,-17.93,-21,5.72
1311854,90.17,3.26,-33.01,-4.14,0.72,4.19,-16.14,-14.47,-16.37,-18.99,-10.5,5.15,-17.58,-11.95,-6.95,21.46,13.21,-9.44,-0.03,4.24,-15.43,1.78,9.85,-4.25,-8.08,-3.98,-1.15,-13.75,-6,-1.9,18.98,-9.8,5.9,-10.02,-17.69,9.24,-4.5
1311857,109.5,-10.73,-7.29,-6.54,-14.57,-4.73,-12.16,13.56,1.1,7.8,4.33,-3.52,-6.56,4.02,-0.25,11.59,-1.95,0.68,6.44,-12.4,-18.07,-4.61,-18.11,-5.28,-3.19,-3.08,-2.98,1.48,-10.03,-12.93,-0.25,4.4,-17.61,-4.69,-0.37,-7.35,-1.08
1311858,61.87,7.84,-33.26,-38.06,13.51,16.98,-33.1,7.08,7.26,13.01,1.47,0.2,5.12,0.05,5.89,0.86,7.88,14.66,-1.4,-5.09,-5.12,-7.8,-1,-9.03,-4.42,-12.45,-16.64,-0.04,-5.02,-4.81,-6.82,-4.63,17.09,-0.9,11.29,-5.86,-0.86
1311859,23.46,30.02,41.3,19.12,27.74,47.59,48.38,-0.95,-9.77,-8.25,-3.73,-24.17,-15.99,34.73,38.81,27.57,11.76,10.64,36.66,-15.33,2.97,-31.14,8.79,-5.82,-18.8,37.22,37.08,25.71,19.97,37.53,21.73,-1.94,17.54,1.7,7.61,-14.74,18.31
1311860,118.59,-11.72,1.19,-13.29,0.31,-21.32,3.36,-11.99,5.03,-8.95,15.38,8.95,0.81,2.45,8.52,10.94,15.6,-4.27,5.51,-14.61,-9.98,-3.43,2.39,8.82,-6.11,-13.92,1.24,-21.07,-4.83,-10.37,-31.54,-19.2,-15.19,-29.96,-24.78,-10.01,-29.55
1311861,39.48,13.34,1.36,16.55,13.02,14.57,-7.79,24.35,22.48,26.22,35.35,25.13,14.34,11.99,-4.19,25.19,6.08,8.78,16.37,14.52,24.02,19.18,16.57,24.93,23.08,9.98,11.96,14.98,4.7,22.34,4.09,26.09,2.2,17.43,14.49,22.77,22
1311862,25,0,0,0.01,0,0,0,0,0,0,-0.01,0.01,0,0,0,0.01,0,-0.01,0,0,0.01,0.01,0,0.01,0,-0.01,0,0,0,-0.01,-0.01,0,0.01,0,0,0,0
1311863,12.77,-3.31,19.26,2.08,-2.11,-3.96,-4.86,-6.67,12.44,3.81,-3.35,4.99,4.72,12.3,10.59,5.32,9.87,8.13,10.08,9.22,-6.62,2.09,0.59,-0.3,-6.99,6.23,-0.85,-3.25,8.16,9.95,4.39,7.95,4.95,7.62,14.15,-4.96,12.41
1311864,127.54,20.7,5.41,6.23,13.94,4.76,0.45,-38.6,-36.21,-17.45,-15.87,-9.51,2.94,9.47,-16.86,-22.03,-5.73,-6.43,11.84,-29.66,-24.21,-21.66,-18.85,-18.41,2.49,-19.09,-27.9,-39.5,-29.97,-31.97,-32.42,1.28,-5.4,14.09,17.31,-14.54,-13.9
1311865,33.01,4.12,6.62,10.52,-9.33,-21,-4.39,-4.17,4.46,6.4,6.66,0.19,10.16,9.16,7.25,10.17,3.51,6.41,3.74,1.06,6.92,-1.69,3,8.89,0.07,2.8,-9,-13.84,0.62,-12.66,-1.79,3.63,4.17,8.55,10.54,-0.11,7.13
1311866,46.5,22.27,1.44,-4.07,26.23,9.54,13.82,-5.76,1,-1.57,15.89,7.94,2.73,-5.22,20.05,10.53,-8.44,21.43,1.4,7.33,6.1,-11.45,-1.99,-3.18,-1.16,15.53,14.5,20.87,12.48,17.45,29.57,-0.85,18.67,-8.79,5.65,-13.37,-0.37
1311867,108.74,-10,-13.8,1.45,-16.71,2.77,-13.58,-17.61,-21.17,-9.53,-5.01,2.06,-2.62,-34.6,-39.06,-15.86,-14.46,-23.7,-32.97,-19.17,2.26,-16.71,-17.62,-12.87,-29.18,-21.44,-21.41,-19.44,-9.47,-6.67,-22.19,7.57,-23.33,8.35,-3.71,-15.44,4.07
1311868,-2.76,-3.94,73.17,63.46,53.95,46.46,24.33,-7.14,34.92,22.1,-11.01,16.41,23.62,18.14,41.81,39.99,21.61,14.67,-9.16,6.59,-0.69,38.69,10.21,9.7,26.14,15.29,14.52,5.87,-32.15,-6.54,5.12,12.01,19.53,31.87,-8.79,19.9,-7.06
1311869,40.84,-29.77,21.26,-9.36,-38.89,-38.18,-33.91,-10.45,-11.61,20.67,-9.5,2.63,18.97,-3.5,-2.79,-2.87,11.67,15.8,10.52,-0.04,-7.37,2.96,7.58,15.56,13.76,-4.17,15.68,17.72,-0.71,-3.92,31.07,-7.57,9.91,3.34,8.86,-18.67,10.35
1311870,53.51,-15.44,-2.27,-6.5,-10.2,10.68,30.53,-5.15,-11.96,2.79,7.33,1.67,5.44,14.78,16.4,-2.58,-21.5,29.84,5.32,-4.9,14.68,2.1,5.08,12.42,11.43,6.19,18.4,12.93,44.34,28.55,-0.85,21.06,7.74,22.83,18.85,9.64,15.49
1311871,83.42,-8.12,-4.17,-16.8,-6.48,-3.9,-1.1,12.8,10.86,9.66,-1.98,0.1,16.65,18.84,-0.71,1.4,-1.32,-0.04,-7.4,-6.25,-3.08,8.28,17.69,-12.17,14.08,14.65,2.9,3.24,12.9,3.73,15.86,10.98,-2.31,-3.21,-9.86,-10.94,9.23